"","Metro","Month","Dimension","Median Base Pay"
"1","Atlanta","2017-06","<51","47247.0"
"2","Atlanta","2017-06","1001-5000","52083.0"
"3","Atlanta","2017-06","201-500","50093.0"
"4","Atlanta","2017-06","5000+","53010.0"
"5","Atlanta","2017-06","501-1000","50842.0"
"6","Atlanta","2017-06","51-200","48980.0"
"7","Atlanta","2017-07","<51","47749.0"
"8","Atlanta","2017-07","1001-5000","52670.0"
"9","Atlanta","2017-07","201-500","50669.0"
"10","Atlanta","2017-07","5000+","53666.0"
"11","Atlanta","2017-07","501-1000","51453.0"
"12","Atlanta","2017-07","51-200","49591.0"
"13","Atlanta","2017-08","<51","48154.0"
"14","Atlanta","2017-08","1001-5000","53124.0"
"15","Atlanta","2017-08","201-500","51049.0"
"16","Atlanta","2017-08","5000+","54014.0"
"17","Atlanta","2017-08","501-1000","51838.0"
"18","Atlanta","2017-08","51-200","50000.0"
"19","Atlanta","2017-09","<51","47506.0"
"20","Atlanta","2017-09","1001-5000","52496.0"
"21","Atlanta","2017-09","201-500","50406.0"
"22","Atlanta","2017-09","5000+","53323.0"
"23","Atlanta","2017-09","501-1000","51123.0"
"24","Atlanta","2017-09","51-200","49322.0"
"25","Atlanta","2017-10","<51","47285.0"
"26","Atlanta","2017-10","1001-5000","52419.0"
"27","Atlanta","2017-10","201-500","50200.0"
"28","Atlanta","2017-10","5000+","53099.0"
"29","Atlanta","2017-10","501-1000","50878.0"
"30","Atlanta","2017-10","51-200","49266.0"
"31","Atlanta","2017-11","<51","47625.0"
"32","Atlanta","2017-11","1001-5000","52588.0"
"33","Atlanta","2017-11","201-500","50564.0"
"34","Atlanta","2017-11","5000+","53437.0"
"35","Atlanta","2017-11","501-1000","51389.0"
"36","Atlanta","2017-11","51-200","49622.0"
"37","Atlanta","2017-12","<51","47311.0"
"38","Atlanta","2017-12","1001-5000","52196.0"
"39","Atlanta","2017-12","201-500","50246.0"
"40","Atlanta","2017-12","5000+","53099.0"
"41","Atlanta","2017-12","501-1000","51056.0"
"42","Atlanta","2017-12","51-200","49330.0"
"43","Atlanta","2018-01","<51","48543.0"
"44","Atlanta","2018-01","1001-5000","53513.0"
"45","Atlanta","2018-01","201-500","51530.0"
"46","Atlanta","2018-01","5000+","54426.0"
"47","Atlanta","2018-01","501-1000","52350.0"
"48","Atlanta","2018-01","51-200","50609.0"
"49","Atlanta","2018-02","<51","48509.0"
"50","Atlanta","2018-02","1001-5000","53265.0"
"51","Atlanta","2018-02","201-500","51424.0"
"52","Atlanta","2018-02","5000+","54365.0"
"53","Atlanta","2018-02","501-1000","52247.0"
"54","Atlanta","2018-02","51-200","50443.0"
"55","Atlanta","2018-03","<51","48612.0"
"56","Atlanta","2018-03","1001-5000","53459.0"
"57","Atlanta","2018-03","201-500","51540.0"
"58","Atlanta","2018-03","5000+","54467.0"
"59","Atlanta","2018-03","501-1000","52312.0"
"60","Atlanta","2018-03","51-200","50582.0"
"61","Atlanta","2018-04","<51","48357.0"
"62","Atlanta","2018-04","1001-5000","53478.0"
"63","Atlanta","2018-04","201-500","51370.0"
"64","Atlanta","2018-04","5000+","54072.0"
"65","Atlanta","2018-04","501-1000","52138.0"
"66","Atlanta","2018-04","51-200","50395.0"
"67","Atlanta","2018-05","<51","48160.0"
"68","Atlanta","2018-05","1001-5000","53263.0"
"69","Atlanta","2018-05","201-500","51166.0"
"70","Atlanta","2018-05","5000+","53819.0"
"71","Atlanta","2018-05","501-1000","51905.0"
"72","Atlanta","2018-05","51-200","50155.0"
"73","Atlanta","2018-06","<51","48722.0"
"74","Atlanta","2018-06","1001-5000","53877.0"
"75","Atlanta","2018-06","201-500","51729.0"
"76","Atlanta","2018-06","5000+","54389.0"
"77","Atlanta","2018-06","501-1000","52472.0"
"78","Atlanta","2018-06","51-200","50708.0"
"79","Atlanta","2018-07","<51","48500.0"
"80","Atlanta","2018-07","1001-5000","53610.0"
"81","Atlanta","2018-07","201-500","51460.0"
"82","Atlanta","2018-07","5000+","54257.0"
"83","Atlanta","2018-07","501-1000","52230.0"
"84","Atlanta","2018-07","51-200","50481.0"
"85","Atlanta","2018-08","<51","48908.0"
"86","Atlanta","2018-08","1001-5000","54065.0"
"87","Atlanta","2018-08","201-500","52019.0"
"88","Atlanta","2018-08","5000+","54715.0"
"89","Atlanta","2018-08","501-1000","52628.0"
"90","Atlanta","2018-08","51-200","50939.0"
"91","Atlanta","2018-09","<51","49072.0"
"92","Atlanta","2018-09","1001-5000","54217.0"
"93","Atlanta","2018-09","201-500","52180.0"
"94","Atlanta","2018-09","5000+","54884.0"
"95","Atlanta","2018-09","501-1000","52770.0"
"96","Atlanta","2018-09","51-200","51078.0"
"97","Atlanta","2018-10","<51","49451.0"
"98","Atlanta","2018-10","1001-5000","54631.0"
"99","Atlanta","2018-10","201-500","52621.0"
"100","Atlanta","2018-10","5000+","55295.0"
"101","Atlanta","2018-10","501-1000","53209.0"
"102","Atlanta","2018-10","51-200","51497.0"
"103","Atlanta","2018-12","<51","50439"
"104","Atlanta","2018-12","1001-5000","55708"
"105","Atlanta","2018-12","201-500","53709"
"106","Atlanta","2018-12","5000+","56421"
"107","Atlanta","2018-12","501-1000","54337"
"108","Atlanta","2018-12","51-200","52507"
"109","Atlanta","2019-01","<51","49926"
"110","Atlanta","2019-01","1001-5000","55118"
"111","Atlanta","2019-01","201-500","53106"
"112","Atlanta","2019-01","5000+","55878"
"113","Atlanta","2019-01","501-1000","53757"
"114","Atlanta","2019-01","51-200","51984"
"115","Atlanta","2019-02","<51","49469"
"116","Atlanta","2019-02","1001-5000","54628"
"117","Atlanta","2019-02","201-500","52504"
"118","Atlanta","2019-02","5000+","55177"
"119","Atlanta","2019-02","501-1000","53190"
"120","Atlanta","2019-02","51-200","51412"
"121","Atlanta","2019-03","<51","49831"
"122","Atlanta","2019-03","1001-5000","54996"
"123","Atlanta","2019-03","201-500","52924"
"124","Atlanta","2019-03","5000+","55454"
"125","Atlanta","2019-03","501-1000","53577"
"126","Atlanta","2019-03","51-200","51706"
"127","Boston","2017-06","<51","52541.0"
"128","Boston","2017-06","1001-5000","57919.0"
"129","Boston","2017-06","201-500","55706.0"
"130","Boston","2017-06","5000+","58950.0"
"131","Boston","2017-06","501-1000","56538.0"
"132","Boston","2017-06","51-200","54468.0"
"133","Boston","2017-07","<51","52530.0"
"134","Boston","2017-07","1001-5000","57944.0"
"135","Boston","2017-07","201-500","55743.0"
"136","Boston","2017-07","5000+","59040.0"
"137","Boston","2017-07","501-1000","56606.0"
"138","Boston","2017-07","51-200","54557.0"
"139","Boston","2017-08","<51","52935.0"
"140","Boston","2017-08","1001-5000","58397.0"
"141","Boston","2017-08","201-500","56117.0"
"142","Boston","2017-08","5000+","59376.0"
"143","Boston","2017-08","501-1000","56984.0"
"144","Boston","2017-08","51-200","54964.0"
"145","Boston","2017-09","<51","52931.0"
"146","Boston","2017-09","1001-5000","58491.0"
"147","Boston","2017-09","201-500","56162.0"
"148","Boston","2017-09","5000+","59412.0"
"149","Boston","2017-09","501-1000","56961.0"
"150","Boston","2017-09","51-200","54955.0"
"151","Boston","2017-10","<51","52504.0"
"152","Boston","2017-10","1001-5000","58205.0"
"153","Boston","2017-10","201-500","55741.0"
"154","Boston","2017-10","5000+","58960.0"
"155","Boston","2017-10","501-1000","56494.0"
"156","Boston","2017-10","51-200","54704.0"
"157","Boston","2017-11","<51","52509.0"
"158","Boston","2017-11","1001-5000","57981.0"
"159","Boston","2017-11","201-500","55749.0"
"160","Boston","2017-11","5000+","58916.0"
"161","Boston","2017-11","501-1000","56659.0"
"162","Boston","2017-11","51-200","54711.0"
"163","Boston","2017-12","<51","52926.0"
"164","Boston","2017-12","1001-5000","58391.0"
"165","Boston","2017-12","201-500","56209.0"
"166","Boston","2017-12","5000+","59401.0"
"167","Boston","2017-12","501-1000","57115.0"
"168","Boston","2017-12","51-200","55185.0"
"169","Boston","2018-01","<51","52818.0"
"170","Boston","2018-01","1001-5000","58226.0"
"171","Boston","2018-01","201-500","56067.0"
"172","Boston","2018-01","5000+","59219.0"
"173","Boston","2018-01","501-1000","56960.0"
"174","Boston","2018-01","51-200","55066.0"
"175","Boston","2018-02","<51","53180.0"
"176","Boston","2018-02","1001-5000","58393.0"
"177","Boston","2018-02","201-500","56375.0"
"178","Boston","2018-02","5000+","59600.0"
"179","Boston","2018-02","501-1000","57277.0"
"180","Boston","2018-02","51-200","55300.0"
"181","Boston","2018-03","<51","53698.0"
"182","Boston","2018-03","1001-5000","59053.0"
"183","Boston","2018-03","201-500","56933.0"
"184","Boston","2018-03","5000+","60166.0"
"185","Boston","2018-03","501-1000","57785.0"
"186","Boston","2018-03","51-200","55874.0"
"187","Boston","2018-04","<51","54072.0"
"188","Boston","2018-04","1001-5000","59799.0"
"189","Boston","2018-04","201-500","57442.0"
"190","Boston","2018-04","5000+","60463.0"
"191","Boston","2018-04","501-1000","58300.0"
"192","Boston","2018-04","51-200","56351.0"
"193","Boston","2018-05","<51","54266.0"
"194","Boston","2018-05","1001-5000","60016.0"
"195","Boston","2018-05","201-500","57653.0"
"196","Boston","2018-05","5000+","60643.0"
"197","Boston","2018-05","501-1000","58487.0"
"198","Boston","2018-05","51-200","56515.0"
"199","Boston","2018-06","<51","53473.0"
"200","Boston","2018-06","1001-5000","59132.0"
"201","Boston","2018-06","201-500","56774.0"
"202","Boston","2018-06","5000+","59693.0"
"203","Boston","2018-06","501-1000","57589.0"
"204","Boston","2018-06","51-200","55654.0"
"205","Boston","2018-07","<51","53897.0"
"206","Boston","2018-07","1001-5000","59577.0"
"207","Boston","2018-07","201-500","57186.0"
"208","Boston","2018-07","5000+","60295.0"
"209","Boston","2018-07","501-1000","58042.0"
"210","Boston","2018-07","51-200","56099.0"
"211","Boston","2018-08","<51","53591.0"
"212","Boston","2018-08","1001-5000","59242.0"
"213","Boston","2018-08","201-500","56999.0"
"214","Boston","2018-08","5000+","59953.0"
"215","Boston","2018-08","501-1000","57667.0"
"216","Boston","2018-08","51-200","55816.0"
"217","Boston","2018-09","<51","54317.0"
"218","Boston","2018-09","1001-5000","60012.0"
"219","Boston","2018-09","201-500","57758.0"
"220","Boston","2018-09","5000+","60750.0"
"221","Boston","2018-09","501-1000","58411.0"
"222","Boston","2018-09","51-200","56538.0"
"223","Boston","2018-10","<51","55256.0"
"224","Boston","2018-10","1001-5000","61044.0"
"225","Boston","2018-10","201-500","58798.0"
"226","Boston","2018-10","5000+","61785.0"
"227","Boston","2018-10","501-1000","59455.0"
"228","Boston","2018-10","51-200","57543.0"
"229","Boston","2018-12","<51","55513"
"230","Boston","2018-12","1001-5000","61312"
"231","Boston","2018-12","201-500","59112"
"232","Boston","2018-12","5000+","62096"
"233","Boston","2018-12","501-1000","59803"
"234","Boston","2018-12","51-200","57789"
"235","Boston","2019-01","<51","54492"
"236","Boston","2019-01","1001-5000","60159"
"237","Boston","2019-01","201-500","57963"
"238","Boston","2019-01","5000+","60988"
"239","Boston","2019-01","501-1000","58673"
"240","Boston","2019-01","51-200","56738"
"241","Boston","2019-02","<51","55294"
"242","Boston","2019-02","1001-5000","61060"
"243","Boston","2019-02","201-500","58685"
"244","Boston","2019-02","5000+","61673"
"245","Boston","2019-02","501-1000","59452"
"246","Boston","2019-02","51-200","57465"
"247","Boston","2019-03","<51","54980"
"248","Boston","2019-03","1001-5000","60678"
"249","Boston","2019-03","201-500","58393"
"250","Boston","2019-03","5000+","61184"
"251","Boston","2019-03","501-1000","59113"
"252","Boston","2019-03","51-200","57048"
"253","Chicago","2017-06","<51","49917.0"
"254","Chicago","2017-06","1001-5000","55027.0"
"255","Chicago","2017-06","201-500","52925.0"
"256","Chicago","2017-06","5000+","56006.0"
"257","Chicago","2017-06","501-1000","53715.0"
"258","Chicago","2017-06","51-200","51749.0"
"259","Chicago","2017-07","<51","49157.0"
"260","Chicago","2017-07","1001-5000","54223.0"
"261","Chicago","2017-07","201-500","52164.0"
"262","Chicago","2017-07","5000+","55248.0"
"263","Chicago","2017-07","501-1000","52971.0"
"264","Chicago","2017-07","51-200","51053.0"
"265","Chicago","2017-08","<51","50228.0"
"266","Chicago","2017-08","1001-5000","55411.0"
"267","Chicago","2017-08","201-500","53247.0"
"268","Chicago","2017-08","5000+","56340.0"
"269","Chicago","2017-08","501-1000","54070.0"
"270","Chicago","2017-08","51-200","52153.0"
"271","Chicago","2017-09","<51","49827.0"
"272","Chicago","2017-09","1001-5000","55061.0"
"273","Chicago","2017-09","201-500","52868.0"
"274","Chicago","2017-09","5000+","55928.0"
"275","Chicago","2017-09","501-1000","53620.0"
"276","Chicago","2017-09","51-200","51731.0"
"277","Chicago","2017-10","<51","50161.0"
"278","Chicago","2017-10","1001-5000","55608.0"
"279","Chicago","2017-10","201-500","53254.0"
"280","Chicago","2017-10","5000+","56329.0"
"281","Chicago","2017-10","501-1000","53972.0"
"282","Chicago","2017-10","51-200","52263.0"
"283","Chicago","2017-11","<51","50019.0"
"284","Chicago","2017-11","1001-5000","55232.0"
"285","Chicago","2017-11","201-500","53106.0"
"286","Chicago","2017-11","5000+","56123.0"
"287","Chicago","2017-11","501-1000","53972.0"
"288","Chicago","2017-11","51-200","52117.0"
"289","Chicago","2017-12","<51","49536.0"
"290","Chicago","2017-12","1001-5000","54651.0"
"291","Chicago","2017-12","201-500","52609.0"
"292","Chicago","2017-12","5000+","55597.0"
"293","Chicago","2017-12","501-1000","53457.0"
"294","Chicago","2017-12","51-200","51651.0"
"295","Chicago","2018-01","<51","50183.0"
"296","Chicago","2018-01","1001-5000","55321.0"
"297","Chicago","2018-01","201-500","53271.0"
"298","Chicago","2018-01","5000+","56265.0"
"299","Chicago","2018-01","501-1000","54119.0"
"300","Chicago","2018-01","51-200","52319.0"
"301","Chicago","2018-02","<51","50722.0"
"302","Chicago","2018-02","1001-5000","55695.0"
"303","Chicago","2018-02","201-500","53770.0"
"304","Chicago","2018-02","5000+","56845.0"
"305","Chicago","2018-02","501-1000","54630.0"
"306","Chicago","2018-02","51-200","52744.0"
"307","Chicago","2018-03","<51","50498.0"
"308","Chicago","2018-03","1001-5000","55534.0"
"309","Chicago","2018-03","201-500","53540.0"
"310","Chicago","2018-03","5000+","56581.0"
"311","Chicago","2018-03","501-1000","54342.0"
"312","Chicago","2018-03","51-200","52545.0"
"313","Chicago","2018-04","<51","50772.0"
"314","Chicago","2018-04","1001-5000","56149.0"
"315","Chicago","2018-04","201-500","53935.0"
"316","Chicago","2018-04","5000+","56772.0"
"317","Chicago","2018-04","501-1000","54742.0"
"318","Chicago","2018-04","51-200","52912.0"
"319","Chicago","2018-05","<51","50967.0"
"320","Chicago","2018-05","1001-5000","56367.0"
"321","Chicago","2018-05","201-500","54148.0"
"322","Chicago","2018-05","5000+","56955.0"
"323","Chicago","2018-05","501-1000","54931.0"
"324","Chicago","2018-05","51-200","53079.0"
"325","Chicago","2018-06","<51","50815.0"
"326","Chicago","2018-06","1001-5000","56192.0"
"327","Chicago","2018-06","201-500","53951.0"
"328","Chicago","2018-06","5000+","56725.0"
"329","Chicago","2018-06","501-1000","54726.0"
"330","Chicago","2018-06","51-200","52887.0"
"331","Chicago","2018-07","<51","51194.0"
"332","Chicago","2018-07","1001-5000","56589.0"
"333","Chicago","2018-07","201-500","54319.0"
"334","Chicago","2018-07","5000+","57272.0"
"335","Chicago","2018-07","501-1000","55132.0"
"336","Chicago","2018-07","51-200","53286.0"
"337","Chicago","2018-08","<51","50829.0"
"338","Chicago","2018-08","1001-5000","56189.0"
"339","Chicago","2018-08","201-500","54062.0"
"340","Chicago","2018-08","5000+","56864.0"
"341","Chicago","2018-08","501-1000","54696.0"
"342","Chicago","2018-08","51-200","52940.0"
"343","Chicago","2018-09","<51","51109.0"
"344","Chicago","2018-09","1001-5000","56467.0"
"345","Chicago","2018-09","201-500","54346.0"
"346","Chicago","2018-09","5000+","57161.0"
"347","Chicago","2018-09","501-1000","54960.0"
"348","Chicago","2018-09","51-200","53198.0"
"349","Chicago","2018-10","<51","51411.0"
"350","Chicago","2018-10","1001-5000","56796.0"
"351","Chicago","2018-10","201-500","54707.0"
"352","Chicago","2018-10","5000+","57486.0"
"353","Chicago","2018-10","501-1000","55318.0"
"354","Chicago","2018-10","51-200","53538.0"
"355","Chicago","2018-12","<51","51175"
"356","Chicago","2018-12","1001-5000","56521"
"357","Chicago","2018-12","201-500","54492"
"358","Chicago","2018-12","5000+","57244"
"359","Chicago","2018-12","501-1000","55129"
"360","Chicago","2018-12","51-200","53273"
"361","Chicago","2019-01","<51","51798"
"362","Chicago","2019-01","1001-5000","57185"
"363","Chicago","2019-01","201-500","55098"
"364","Chicago","2019-01","5000+","57973"
"365","Chicago","2019-01","501-1000","55772"
"366","Chicago","2019-01","51-200","53933"
"367","Chicago","2019-02","<51","51509"
"368","Chicago","2019-02","1001-5000","56880"
"369","Chicago","2019-02","201-500","54668"
"370","Chicago","2019-02","5000+","57451"
"371","Chicago","2019-02","501-1000","55382"
"372","Chicago","2019-02","51-200","53531"
"373","Chicago","2019-03","<51","51955"
"374","Chicago","2019-03","1001-5000","57339"
"375","Chicago","2019-03","201-500","55180"
"376","Chicago","2019-03","5000+","57818"
"377","Chicago","2019-03","501-1000","55861"
"378","Chicago","2019-03","51-200","53909"
"379","Houston","2017-06","<51","48782.0"
"380","Houston","2017-06","1001-5000","53775.0"
"381","Houston","2017-06","201-500","51721.0"
"382","Houston","2017-06","5000+","54732.0"
"383","Houston","2017-06","501-1000","52494.0"
"384","Houston","2017-06","51-200","50572.0"
"385","Houston","2017-07","<51","48844.0"
"386","Houston","2017-07","1001-5000","53878.0"
"387","Houston","2017-07","201-500","51832.0"
"388","Houston","2017-07","5000+","54897.0"
"389","Houston","2017-07","501-1000","52634.0"
"390","Houston","2017-07","51-200","50728.0"
"391","Houston","2017-08","<51","49301.0"
"392","Houston","2017-08","1001-5000","54389.0"
"393","Houston","2017-08","201-500","52265.0"
"394","Houston","2017-08","5000+","55300.0"
"395","Houston","2017-08","501-1000","53072.0"
"396","Houston","2017-08","51-200","51191.0"
"397","Houston","2017-09","<51","49407.0"
"398","Houston","2017-09","1001-5000","54597.0"
"399","Houston","2017-09","201-500","52422.0"
"400","Houston","2017-09","5000+","55456.0"
"401","Houston","2017-09","501-1000","53168.0"
"402","Houston","2017-09","51-200","51296.0"
"403","Houston","2017-10","<51","48395.0"
"404","Houston","2017-10","1001-5000","53650.0"
"405","Houston","2017-10","201-500","51379.0"
"406","Houston","2017-10","5000+","54346.0"
"407","Houston","2017-10","501-1000","52072.0"
"408","Houston","2017-10","51-200","50423.0"
"409","Houston","2017-11","<51","48857.0"
"410","Houston","2017-11","1001-5000","53948.0"
"411","Houston","2017-11","201-500","51872.0"
"412","Houston","2017-11","5000+","54819.0"
"413","Houston","2017-11","501-1000","52718.0"
"414","Houston","2017-11","51-200","50906.0"
"415","Houston","2017-12","<51","48988.0"
"416","Houston","2017-12","1001-5000","54046.0"
"417","Houston","2017-12","201-500","52026.0"
"418","Houston","2017-12","5000+","54981.0"
"419","Houston","2017-12","501-1000","52865.0"
"420","Houston","2017-12","51-200","51079.0"
"421","Houston","2018-01","<51","49017.0"
"422","Houston","2018-01","1001-5000","54036.0"
"423","Houston","2018-01","201-500","52033.0"
"424","Houston","2018-01","5000+","54958.0"
"425","Houston","2018-01","501-1000","52862.0"
"426","Houston","2018-01","51-200","51103.0"
"427","Houston","2018-02","<51","50590.0"
"428","Houston","2018-02","1001-5000","55550.0"
"429","Houston","2018-02","201-500","53630.0"
"430","Houston","2018-02","5000+","56697.0"
"431","Houston","2018-02","501-1000","54488.0"
"432","Houston","2018-02","51-200","52607.0"
"433","Houston","2018-03","<51","50220.0"
"434","Houston","2018-03","1001-5000","55229.0"
"435","Houston","2018-03","201-500","53246.0"
"436","Houston","2018-03","5000+","56269.0"
"437","Houston","2018-03","501-1000","54043.0"
"438","Houston","2018-03","51-200","52256.0"
"439","Houston","2018-04","<51","50052.0"
"440","Houston","2018-04","1001-5000","55353.0"
"441","Houston","2018-04","201-500","53171.0"
"442","Houston","2018-04","5000+","55967.0"
"443","Houston","2018-04","501-1000","53966.0"
"444","Houston","2018-04","51-200","52162.0"
"445","Houston","2018-05","<51","49972.0"
"446","Houston","2018-05","1001-5000","55267.0"
"447","Houston","2018-05","201-500","53091.0"
"448","Houston","2018-05","5000+","55844.0"
"449","Houston","2018-05","501-1000","53858.0"
"450","Houston","2018-05","51-200","52043.0"
"451","Houston","2018-06","<51","50010.0"
"452","Houston","2018-06","1001-5000","55302.0"
"453","Houston","2018-06","201-500","53097.0"
"454","Houston","2018-06","5000+","55827.0"
"455","Houston","2018-06","501-1000","53859.0"
"456","Houston","2018-06","51-200","52049.0"
"457","Houston","2018-07","<51","50096.0"
"458","Houston","2018-07","1001-5000","55376.0"
"459","Houston","2018-07","201-500","53154.0"
"460","Houston","2018-07","5000+","56044.0"
"461","Houston","2018-07","501-1000","53949.0"
"462","Houston","2018-07","51-200","52143.0"
"463","Houston","2018-08","<51","49851.0"
"464","Houston","2018-08","1001-5000","55108.0"
"465","Houston","2018-08","201-500","53021.0"
"466","Houston","2018-08","5000+","55769.0"
"467","Houston","2018-08","501-1000","53643.0"
"468","Houston","2018-08","51-200","51921.0"
"469","Houston","2018-09","<51","50410.0"
"470","Houston","2018-09","1001-5000","55696.0"
"471","Houston","2018-09","201-500","53603.0"
"472","Houston","2018-09","5000+","56380.0"
"473","Houston","2018-09","501-1000","54209.0"
"474","Houston","2018-09","51-200","52471.0"
"475","Houston","2018-10","<51","50459.0"
"476","Houston","2018-10","1001-5000","55745.0"
"477","Houston","2018-10","201-500","53694.0"
"478","Houston","2018-10","5000+","56422.0"
"479","Houston","2018-10","501-1000","54293.0"
"480","Houston","2018-10","51-200","52547.0"
"481","Houston","2018-12","<51","49707"
"482","Houston","2018-12","1001-5000","54899"
"483","Houston","2018-12","201-500","52928"
"484","Houston","2018-12","5000+","55601"
"485","Houston","2018-12","501-1000","53547"
"486","Houston","2018-12","51-200","51744"
"487","Houston","2019-01","<51","49967"
"488","Houston","2019-01","1001-5000","55163"
"489","Houston","2019-01","201-500","53150"
"490","Houston","2019-01","5000+","55924"
"491","Houston","2019-01","501-1000","53800"
"492","Houston","2019-01","51-200","52026"
"493","Houston","2019-02","<51","50075"
"494","Houston","2019-02","1001-5000","55297"
"495","Houston","2019-02","201-500","53146"
"496","Houston","2019-02","5000+","55852"
"497","Houston","2019-02","501-1000","53841"
"498","Houston","2019-02","51-200","52041"
"499","Houston","2019-03","<51","50910"
"500","Houston","2019-03","1001-5000","56187"
"501","Houston","2019-03","201-500","54071"
"502","Houston","2019-03","5000+","56656"
"503","Houston","2019-03","501-1000","54738"
"504","Houston","2019-03","51-200","52826"
"505","Los Angeles","2017-06","<51","52828.0"
"506","Los Angeles","2017-06","1001-5000","58236.0"
"507","Los Angeles","2017-06","201-500","56011.0"
"508","Los Angeles","2017-06","5000+","59272.0"
"509","Los Angeles","2017-06","501-1000","56848.0"
"510","Los Angeles","2017-06","51-200","54767.0"
"511","Los Angeles","2017-07","<51","52794.0"
"512","Los Angeles","2017-07","1001-5000","58235.0"
"513","Los Angeles","2017-07","201-500","56023.0"
"514","Los Angeles","2017-07","5000+","59336.0"
"515","Los Angeles","2017-07","501-1000","56890.0"
"516","Los Angeles","2017-07","51-200","54830.0"
"517","Los Angeles","2017-08","<51","54701.0"
"518","Los Angeles","2017-08","1001-5000","60346.0"
"519","Los Angeles","2017-08","201-500","57990.0"
"520","Los Angeles","2017-08","5000+","61357.0"
"521","Los Angeles","2017-08","501-1000","58886.0"
"522","Los Angeles","2017-08","51-200","56798.0"
"523","Los Angeles","2017-09","<51","53677.0"
"524","Los Angeles","2017-09","1001-5000","59316.0"
"525","Los Angeles","2017-09","201-500","56953.0"
"526","Los Angeles","2017-09","5000+","60250.0"
"527","Los Angeles","2017-09","501-1000","57763.0"
"528","Los Angeles","2017-09","51-200","55729.0"
"529","Los Angeles","2017-10","<51","53363.0"
"530","Los Angeles","2017-10","1001-5000","59157.0"
"531","Los Angeles","2017-10","201-500","56653.0"
"532","Los Angeles","2017-10","5000+","59924.0"
"533","Los Angeles","2017-10","501-1000","57418.0"
"534","Los Angeles","2017-10","51-200","55599.0"
"535","Los Angeles","2017-11","<51","53869.0"
"536","Los Angeles","2017-11","1001-5000","59482.0"
"537","Los Angeles","2017-11","201-500","57193.0"
"538","Los Angeles","2017-11","5000+","60442.0"
"539","Los Angeles","2017-11","501-1000","58126.0"
"540","Los Angeles","2017-11","51-200","56128.0"
"541","Los Angeles","2017-12","<51","53597.0"
"542","Los Angeles","2017-12","1001-5000","59131.0"
"543","Los Angeles","2017-12","201-500","56921.0"
"544","Los Angeles","2017-12","5000+","60154.0"
"545","Los Angeles","2017-12","501-1000","57839.0"
"546","Los Angeles","2017-12","51-200","55884.0"
"547","Los Angeles","2018-01","<51","54034.0"
"548","Los Angeles","2018-01","1001-5000","59566.0"
"549","Los Angeles","2018-01","201-500","57358.0"
"550","Los Angeles","2018-01","5000+","60582.0"
"551","Los Angeles","2018-01","501-1000","58271.0"
"552","Los Angeles","2018-01","51-200","56333.0"
"553","Los Angeles","2018-02","<51","54515.0"
"554","Los Angeles","2018-02","1001-5000","59859.0"
"555","Los Angeles","2018-02","201-500","57791.0"
"556","Los Angeles","2018-02","5000+","61096.0"
"557","Los Angeles","2018-02","501-1000","58715.0"
"558","Los Angeles","2018-02","51-200","56688.0"
"559","Los Angeles","2018-03","<51","54703.0"
"560","Los Angeles","2018-03","1001-5000","60159.0"
"561","Los Angeles","2018-03","201-500","57999.0"
"562","Los Angeles","2018-03","5000+","61292.0"
"563","Los Angeles","2018-03","501-1000","58867.0"
"564","Los Angeles","2018-03","51-200","56920.0"
"565","Los Angeles","2018-04","<51","54466.0"
"566","Los Angeles","2018-04","1001-5000","60234.0"
"567","Los Angeles","2018-04","201-500","57860.0"
"568","Los Angeles","2018-04","5000+","60903.0"
"569","Los Angeles","2018-04","501-1000","58725.0"
"570","Los Angeles","2018-04","51-200","56762.0"
"571","Los Angeles","2018-05","<51","54552.0"
"572","Los Angeles","2018-05","1001-5000","60332.0"
"573","Los Angeles","2018-05","201-500","57957.0"
"574","Los Angeles","2018-05","5000+","60962.0"
"575","Los Angeles","2018-05","501-1000","58795.0"
"576","Los Angeles","2018-05","51-200","56812.0"
"577","Los Angeles","2018-06","<51","54625.0"
"578","Los Angeles","2018-06","1001-5000","60406.0"
"579","Los Angeles","2018-06","201-500","57997.0"
"580","Los Angeles","2018-06","5000+","60979.0"
"581","Los Angeles","2018-06","501-1000","58830.0"
"582","Los Angeles","2018-06","51-200","56853.0"
"583","Los Angeles","2018-07","<51","54572.0"
"584","Los Angeles","2018-07","1001-5000","60323.0"
"585","Los Angeles","2018-07","201-500","57903.0"
"586","Los Angeles","2018-07","5000+","61051.0"
"587","Los Angeles","2018-07","501-1000","58769.0"
"588","Los Angeles","2018-07","51-200","56801.0"
"589","Los Angeles","2018-08","<51","55244.0"
"590","Los Angeles","2018-08","1001-5000","61069.0"
"591","Los Angeles","2018-08","201-500","58757.0"
"592","Los Angeles","2018-08","5000+","61803.0"
"593","Los Angeles","2018-08","501-1000","59446.0"
"594","Los Angeles","2018-08","51-200","57538.0"
"595","Los Angeles","2018-09","<51","55717.0"
"596","Los Angeles","2018-09","1001-5000","61559.0"
"597","Los Angeles","2018-09","201-500","59246.0"
"598","Los Angeles","2018-09","5000+","62315.0"
"599","Los Angeles","2018-09","501-1000","59916.0"
"600","Los Angeles","2018-09","51-200","57995.0"
"601","Los Angeles","2018-10","<51","55223.0"
"602","Los Angeles","2018-10","1001-5000","61007.0"
"603","Los Angeles","2018-10","201-500","58763.0"
"604","Los Angeles","2018-10","5000+","61748.0"
"605","Los Angeles","2018-10","501-1000","59419.0"
"606","Los Angeles","2018-10","51-200","57508.0"
"607","Los Angeles","2018-12","<51","56054"
"608","Los Angeles","2018-12","1001-5000","61909"
"609","Los Angeles","2018-12","201-500","59687"
"610","Los Angeles","2018-12","5000+","62701"
"611","Los Angeles","2018-12","501-1000","60385"
"612","Los Angeles","2018-12","51-200","58352"
"613","Los Angeles","2019-01","<51","56392"
"614","Los Angeles","2019-01","1001-5000","62257"
"615","Los Angeles","2019-01","201-500","59984"
"616","Los Angeles","2019-01","5000+","63115"
"617","Los Angeles","2019-01","501-1000","60719"
"618","Los Angeles","2019-01","51-200","58716"
"619","Los Angeles","2019-02","<51","55891"
"620","Los Angeles","2019-02","1001-5000","61719"
"621","Los Angeles","2019-02","201-500","59319"
"622","Los Angeles","2019-02","5000+","62339"
"623","Los Angeles","2019-02","501-1000","60094"
"624","Los Angeles","2019-02","51-200","58085"
"625","Los Angeles","2019-03","<51","55899"
"626","Los Angeles","2019-03","1001-5000","61693"
"627","Los Angeles","2019-03","201-500","59369"
"628","Los Angeles","2019-03","5000+","62207"
"629","Los Angeles","2019-03","501-1000","60102"
"630","Los Angeles","2019-03","51-200","58002"
"631","New York City","2017-06","<51","54315.0"
"632","New York City","2017-06","1001-5000","59875.0"
"633","New York City","2017-06","201-500","57587.0"
"634","New York City","2017-06","5000+","60940.0"
"635","New York City","2017-06","501-1000","58448.0"
"636","New York City","2017-06","51-200","56308.0"
"637","New York City","2017-07","<51","54216.0"
"638","New York City","2017-07","1001-5000","59803.0"
"639","New York City","2017-07","201-500","57532.0"
"640","New York City","2017-07","5000+","60934.0"
"641","New York City","2017-07","501-1000","58422.0"
"642","New York City","2017-07","51-200","56307.0"
"643","New York City","2017-08","<51","54962.0"
"644","New York City","2017-08","1001-5000","60634.0"
"645","New York City","2017-08","201-500","58266.0"
"646","New York City","2017-08","5000+","61650.0"
"647","New York City","2017-08","501-1000","59167.0"
"648","New York City","2017-08","51-200","57069.0"
"649","New York City","2017-09","<51","54764.0"
"650","New York City","2017-09","1001-5000","60517.0"
"651","New York City","2017-09","201-500","58107.0"
"652","New York City","2017-09","5000+","61470.0"
"653","New York City","2017-09","501-1000","58933.0"
"654","New York City","2017-09","51-200","56858.0"
"655","New York City","2017-10","<51","53945.0"
"656","New York City","2017-10","1001-5000","59803.0"
"657","New York City","2017-10","201-500","57271.0"
"658","New York City","2017-10","5000+","60578.0"
"659","New York City","2017-10","501-1000","58044.0"
"660","New York City","2017-10","51-200","56205.0"
"661","New York City","2017-11","<51","54065.0"
"662","New York City","2017-11","1001-5000","59699.0"
"663","New York City","2017-11","201-500","57402.0"
"664","New York City","2017-11","5000+","60663.0"
"665","New York City","2017-11","501-1000","58338.0"
"666","New York City","2017-11","51-200","56332.0"
"667","New York City","2017-12","<51","55164.0"
"668","New York City","2017-12","1001-5000","60860.0"
"669","New York City","2017-12","201-500","58585.0"
"670","New York City","2017-12","5000+","61913.0"
"671","New York City","2017-12","501-1000","59530.0"
"672","New York City","2017-12","51-200","57518.0"
"673","New York City","2018-01","<51","55554.0"
"674","New York City","2018-01","1001-5000","61242.0"
"675","New York City","2018-01","201-500","58972.0"
"676","New York City","2018-01","5000+","62286.0"
"677","New York City","2018-01","501-1000","59911.0"
"678","New York City","2018-01","51-200","57918.0"
"679","New York City","2018-02","<51","55699.0"
"680","New York City","2018-02","1001-5000","61160.0"
"681","New York City","2018-02","201-500","59046.0"
"682","New York City","2018-02","5000+","62424.0"
"683","New York City","2018-02","501-1000","59991.0"
"684","New York City","2018-02","51-200","57920.0"
"685","New York City","2018-03","<51","55907.0"
"686","New York City","2018-03","1001-5000","61482.0"
"687","New York City","2018-03","201-500","59275.0"
"688","New York City","2018-03","5000+","62641.0"
"689","New York City","2018-03","501-1000","60163.0"
"690","New York City","2018-03","51-200","58173.0"
"691","New York City","2018-04","<51","55429.0"
"692","New York City","2018-04","1001-5000","61299.0"
"693","New York City","2018-04","201-500","58883.0"
"694","New York City","2018-04","5000+","61980.0"
"695","New York City","2018-04","501-1000","59763.0"
"696","New York City","2018-04","51-200","57765.0"
"697","New York City","2018-05","<51","56258.0"
"698","New York City","2018-05","1001-5000","62220.0"
"699","New York City","2018-05","201-500","59770.0"
"700","New York City","2018-05","5000+","62869.0"
"701","New York City","2018-05","501-1000","60634.0"
"702","New York City","2018-05","51-200","58590.0"
"703","New York City","2018-06","<51","55434.0"
"704","New York City","2018-06","1001-5000","61300.0"
"705","New York City","2018-06","201-500","58856.0"
"706","New York City","2018-06","5000+","61882.0"
"707","New York City","2018-06","501-1000","59701.0"
"708","New York City","2018-06","51-200","57695.0"
"709","New York City","2018-07","<51","55585.0"
"710","New York City","2018-07","1001-5000","61443.0"
"711","New York City","2018-07","201-500","58978.0"
"712","New York City","2018-07","5000+","62184.0"
"713","New York City","2018-07","501-1000","59861.0"
"714","New York City","2018-07","51-200","57856.0"
"715","New York City","2018-08","<51","56173.0"
"716","New York City","2018-08","1001-5000","62096.0"
"717","New York City","2018-08","201-500","59745.0"
"718","New York City","2018-08","5000+","62842.0"
"719","New York City","2018-08","501-1000","60446.0"
"720","New York City","2018-08","51-200","58505.0"
"721","New York City","2018-09","<51","56596.0"
"722","New York City","2018-09","1001-5000","62530.0"
"723","New York City","2018-09","201-500","60181.0"
"724","New York City","2018-09","5000+","63299.0"
"725","New York City","2018-09","501-1000","60861.0"
"726","New York City","2018-09","51-200","58910.0"
"727","New York City","2018-10","<51","57017.0"
"728","New York City","2018-10","1001-5000","62989.0"
"729","New York City","2018-10","201-500","60671.0"
"730","New York City","2018-10","5000+","63754.0"
"731","New York City","2018-10","501-1000","61349.0"
"732","New York City","2018-10","51-200","59376.0"
"733","New York City","2018-12","<51","57027"
"734","New York City","2018-12","1001-5000","62984"
"735","New York City","2018-12","201-500","60724"
"736","New York City","2018-12","5000+","63790"
"737","New York City","2018-12","501-1000","61433"
"738","New York City","2018-12","51-200","59365"
"739","New York City","2019-01","<51","57220"
"740","New York City","2019-01","1001-5000","63171"
"741","New York City","2019-01","201-500","60865"
"742","New York City","2019-01","5000+","64042"
"743","New York City","2019-01","501-1000","61610"
"744","New York City","2019-01","51-200","59578"
"745","New York City","2019-02","<51","57380"
"746","New York City","2019-02","1001-5000","63365"
"747","New York City","2019-02","201-500","60900"
"748","New York City","2019-02","5000+","64001"
"749","New York City","2019-02","501-1000","61696"
"750","New York City","2019-02","51-200","59634"
"751","New York City","2019-03","<51","57431"
"752","New York City","2019-03","1001-5000","63383"
"753","New York City","2019-03","201-500","60996"
"754","New York City","2019-03","5000+","63912"
"755","New York City","2019-03","501-1000","61749"
"756","New York City","2019-03","51-200","59592"
"757","Philadelphia","2017-06","<51","48855.0"
"758","Philadelphia","2017-06","1001-5000","53856.0"
"759","Philadelphia","2017-06","201-500","51799.0"
"760","Philadelphia","2017-06","5000+","54815.0"
"761","Philadelphia","2017-06","501-1000","52573.0"
"762","Philadelphia","2017-06","51-200","50648.0"
"763","Philadelphia","2017-07","<51","48757.0"
"764","Philadelphia","2017-07","1001-5000","53781.0"
"765","Philadelphia","2017-07","201-500","51739.0"
"766","Philadelphia","2017-07","5000+","54798.0"
"767","Philadelphia","2017-07","501-1000","52539.0"
"768","Philadelphia","2017-07","51-200","50637.0"
"769","Philadelphia","2017-08","<51","49376.0"
"770","Philadelphia","2017-08","1001-5000","54472.0"
"771","Philadelphia","2017-08","201-500","52345.0"
"772","Philadelphia","2017-08","5000+","55384.0"
"773","Philadelphia","2017-08","501-1000","53153.0"
"774","Philadelphia","2017-08","51-200","51269.0"
"775","Philadelphia","2017-09","<51","48811.0"
"776","Philadelphia","2017-09","1001-5000","53939.0"
"777","Philadelphia","2017-09","201-500","51790.0"
"778","Philadelphia","2017-09","5000+","54788.0"
"779","Philadelphia","2017-09","501-1000","52527.0"
"780","Philadelphia","2017-09","51-200","50677.0"
"781","Philadelphia","2017-10","<51","48556.0"
"782","Philadelphia","2017-10","1001-5000","53828.0"
"783","Philadelphia","2017-10","201-500","51549.0"
"784","Philadelphia","2017-10","5000+","54526.0"
"785","Philadelphia","2017-10","501-1000","52245.0"
"786","Philadelphia","2017-10","51-200","50590.0"
"787","Philadelphia","2017-11","<51","48423.0"
"788","Philadelphia","2017-11","1001-5000","53469.0"
"789","Philadelphia","2017-11","201-500","51411.0"
"790","Philadelphia","2017-11","5000+","54332.0"
"791","Philadelphia","2017-11","501-1000","52250.0"
"792","Philadelphia","2017-11","51-200","50454.0"
"793","Philadelphia","2017-12","<51","48928.0"
"794","Philadelphia","2017-12","1001-5000","53980.0"
"795","Philadelphia","2017-12","201-500","51962.0"
"796","Philadelphia","2017-12","5000+","54914.0"
"797","Philadelphia","2017-12","501-1000","52801.0"
"798","Philadelphia","2017-12","51-200","51016.0"
"799","Philadelphia","2018-01","<51","49369.0"
"800","Philadelphia","2018-01","1001-5000","54424.0"
"801","Philadelphia","2018-01","201-500","52407.0"
"802","Philadelphia","2018-01","5000+","55352.0"
"803","Philadelphia","2018-01","501-1000","53241.0"
"804","Philadelphia","2018-01","51-200","51471.0"
"805","Philadelphia","2018-02","<51","50727.0"
"806","Philadelphia","2018-02","1001-5000","55701.0"
"807","Philadelphia","2018-02","201-500","53776.0"
"808","Philadelphia","2018-02","5000+","56851.0"
"809","Philadelphia","2018-02","501-1000","54636.0"
"810","Philadelphia","2018-02","51-200","52750.0"
"811","Philadelphia","2018-03","<51","49833.0"
"812","Philadelphia","2018-03","1001-5000","54802.0"
"813","Philadelphia","2018-03","201-500","52835.0"
"814","Philadelphia","2018-03","5000+","55835.0"
"815","Philadelphia","2018-03","501-1000","53626.0"
"816","Philadelphia","2018-03","51-200","51853.0"
"817","Philadelphia","2018-04","<51","50145.0"
"818","Philadelphia","2018-04","1001-5000","55456.0"
"819","Philadelphia","2018-04","201-500","53270.0"
"820","Philadelphia","2018-04","5000+","56072.0"
"821","Philadelphia","2018-04","501-1000","54066.0"
"822","Philadelphia","2018-04","51-200","52259.0"
"823","Philadelphia","2018-05","<51","49865.0"
"824","Philadelphia","2018-05","1001-5000","55149.0"
"825","Philadelphia","2018-05","201-500","52977.0"
"826","Philadelphia","2018-05","5000+","55724.0"
"827","Philadelphia","2018-05","501-1000","53743.0"
"828","Philadelphia","2018-05","51-200","51931.0"
"829","Philadelphia","2018-06","<51","50074.0"
"830","Philadelphia","2018-06","1001-5000","55373.0"
"831","Philadelphia","2018-06","201-500","53165.0"
"832","Philadelphia","2018-06","5000+","55899.0"
"833","Philadelphia","2018-06","501-1000","53928.0"
"834","Philadelphia","2018-06","51-200","52116.0"
"835","Philadelphia","2018-07","<51","50175.0"
"836","Philadelphia","2018-07","1001-5000","55463.0"
"837","Philadelphia","2018-07","201-500","53238.0"
"838","Philadelphia","2018-07","5000+","56132.0"
"839","Philadelphia","2018-07","501-1000","54034.0"
"840","Philadelphia","2018-07","51-200","52225.0"
"841","Philadelphia","2018-08","<51","50113.0"
"842","Philadelphia","2018-08","1001-5000","55397.0"
"843","Philadelphia","2018-08","201-500","53300.0"
"844","Philadelphia","2018-08","5000+","56063.0"
"845","Philadelphia","2018-08","501-1000","53925.0"
"846","Philadelphia","2018-08","51-200","52194.0"
"847","Philadelphia","2018-09","<51","50670.0"
"848","Philadelphia","2018-09","1001-5000","55982.0"
"849","Philadelphia","2018-09","201-500","53879.0"
"850","Philadelphia","2018-09","5000+","56670.0"
"851","Philadelphia","2018-09","501-1000","54488.0"
"852","Philadelphia","2018-09","51-200","52741.0"
"853","Philadelphia","2018-10","<51","49879.0"
"854","Philadelphia","2018-10","1001-5000","55103.0"
"855","Philadelphia","2018-10","201-500","53076.0"
"856","Philadelphia","2018-10","5000+","55773.0"
"857","Philadelphia","2018-10","501-1000","53669.0"
"858","Philadelphia","2018-10","51-200","51943.0"
"859","Philadelphia","2018-12","<51","50725"
"860","Philadelphia","2018-12","1001-5000","56023"
"861","Philadelphia","2018-12","201-500","54013"
"862","Philadelphia","2018-12","5000+","56740"
"863","Philadelphia","2018-12","501-1000","54644"
"864","Philadelphia","2018-12","51-200","52804"
"865","Philadelphia","2019-01","<51","51471"
"866","Philadelphia","2019-01","1001-5000","56824"
"867","Philadelphia","2019-01","201-500","54750"
"868","Philadelphia","2019-01","5000+","57607"
"869","Philadelphia","2019-01","501-1000","55420"
"870","Philadelphia","2019-01","51-200","53593"
"871","Philadelphia","2019-02","<51","51104"
"872","Philadelphia","2019-02","1001-5000","56434"
"873","Philadelphia","2019-02","201-500","54239"
"874","Philadelphia","2019-02","5000+","57000"
"875","Philadelphia","2019-02","501-1000","54947"
"876","Philadelphia","2019-02","51-200","53111"
"877","Philadelphia","2019-03","<51","51148"
"878","Philadelphia","2019-03","1001-5000","56449"
"879","Philadelphia","2019-03","201-500","54323"
"880","Philadelphia","2019-03","5000+","56920"
"881","Philadelphia","2019-03","501-1000","54994"
"882","Philadelphia","2019-03","51-200","53072"
"883","San Francisco","2017-06","<51","61637.0"
"884","San Francisco","2017-06","1001-5000","67946.0"
"885","San Francisco","2017-06","201-500","65350.0"
"886","San Francisco","2017-06","5000+","69156.0"
"887","San Francisco","2017-06","501-1000","66327.0"
"888","San Francisco","2017-06","51-200","63899.0"
"889","San Francisco","2017-07","<51","60408.0"
"890","San Francisco","2017-07","1001-5000","66633.0"
"891","San Francisco","2017-07","201-500","64103.0"
"892","San Francisco","2017-07","5000+","67893.0"
"893","San Francisco","2017-07","501-1000","65094.0"
"894","San Francisco","2017-07","51-200","62738.0"
"895","San Francisco","2017-08","<51","61710.0"
"896","San Francisco","2017-08","1001-5000","68079.0"
"897","San Francisco","2017-08","201-500","65420.0"
"898","San Francisco","2017-08","5000+","69219.0"
"899","San Francisco","2017-08","501-1000","66431.0"
"900","San Francisco","2017-08","51-200","64076.0"
"901","San Francisco","2017-09","<51","61146.0"
"902","San Francisco","2017-09","1001-5000","67569.0"
"903","San Francisco","2017-09","201-500","64878.0"
"904","San Francisco","2017-09","5000+","68633.0"
"905","San Francisco","2017-09","501-1000","65801.0"
"906","San Francisco","2017-09","51-200","63484.0"
"907","San Francisco","2017-10","<51","61554.0"
"908","San Francisco","2017-10","1001-5000","68238.0"
"909","San Francisco","2017-10","201-500","65349.0"
"910","San Francisco","2017-10","5000+","69123.0"
"911","San Francisco","2017-10","501-1000","66231.0"
"912","San Francisco","2017-10","51-200","64133.0"
"913","San Francisco","2017-11","<51","60814.0"
"914","San Francisco","2017-11","1001-5000","67151.0"
"915","San Francisco","2017-11","201-500","64567.0"
"916","San Francisco","2017-11","5000+","68235.0"
"917","San Francisco","2017-11","501-1000","65620.0"
"918","San Francisco","2017-11","51-200","63364.0"
"919","San Francisco","2017-12","<51","61799.0"
"920","San Francisco","2017-12","1001-5000","68180.0"
"921","San Francisco","2017-12","201-500","65632.0"
"922","San Francisco","2017-12","5000+","69360.0"
"923","San Francisco","2017-12","501-1000","66691.0"
"924","San Francisco","2017-12","51-200","64437.0"
"925","San Francisco","2018-01","<51","61765.0"
"926","San Francisco","2018-01","1001-5000","68090.0"
"927","San Francisco","2018-01","201-500","65566.0"
"928","San Francisco","2018-01","5000+","69251.0"
"929","San Francisco","2018-01","501-1000","66610.0"
"930","San Francisco","2018-01","51-200","64394.0"
"931","San Francisco","2018-02","<51","62077.0"
"932","San Francisco","2018-02","1001-5000","68163.0"
"933","San Francisco","2018-02","201-500","65808.0"
"934","San Francisco","2018-02","5000+","69571.0"
"935","San Francisco","2018-02","501-1000","66860.0"
"936","San Francisco","2018-02","51-200","64552.0"
"937","San Francisco","2018-03","<51","63092.0"
"938","San Francisco","2018-03","1001-5000","69384.0"
"939","San Francisco","2018-03","201-500","66893.0"
"940","San Francisco","2018-03","5000+","70692.0"
"941","San Francisco","2018-03","501-1000","67895.0"
"942","San Francisco","2018-03","51-200","65649.0"
"943","San Francisco","2018-04","<51","62826.0"
"944","San Francisco","2018-04","1001-5000","69480.0"
"945","San Francisco","2018-04","201-500","66741.0"
"946","San Francisco","2018-04","5000+","70251.0"
"947","San Francisco","2018-04","501-1000","67738.0"
"948","San Francisco","2018-04","51-200","65474.0"
"949","San Francisco","2018-05","<51","63026.0"
"950","San Francisco","2018-05","1001-5000","69704.0"
"951","San Francisco","2018-05","201-500","66959.0"
"952","San Francisco","2018-05","5000+","70431.0"
"953","San Francisco","2018-05","501-1000","67927.0"
"954","San Francisco","2018-05","51-200","65637.0"
"955","San Francisco","2018-06","<51","62355.0"
"956","San Francisco","2018-06","1001-5000","68953.0"
"957","San Francisco","2018-06","201-500","66204.0"
"958","San Francisco","2018-06","5000+","69608.0"
"959","San Francisco","2018-06","501-1000","67154.0"
"960","San Francisco","2018-06","51-200","64897.0"
"961","San Francisco","2018-07","<51","63235.0"
"962","San Francisco","2018-07","1001-5000","69898.0"
"963","San Francisco","2018-07","201-500","67094.0"
"964","San Francisco","2018-07","5000+","70742.0"
"965","San Francisco","2018-07","501-1000","68098.0"
"966","San Francisco","2018-07","51-200","65818.0"
"967","San Francisco","2018-08","<51","63328.0"
"968","San Francisco","2018-08","1001-5000","70005.0"
"969","San Francisco","2018-08","201-500","67355.0"
"970","San Francisco","2018-08","5000+","70845.0"
"971","San Francisco","2018-08","501-1000","68144.0"
"972","San Francisco","2018-08","51-200","65957.0"
"973","San Francisco","2018-09","<51","63782.0"
"974","San Francisco","2018-09","1001-5000","70469.0"
"975","San Francisco","2018-09","201-500","67821.0"
"976","San Francisco","2018-09","5000+","71335.0"
"977","San Francisco","2018-09","501-1000","68588.0"
"978","San Francisco","2018-09","51-200","66389.0"
"979","San Francisco","2018-10","<51","63919.0"
"980","San Francisco","2018-10","1001-5000","70614.0"
"981","San Francisco","2018-10","201-500","68016.0"
"982","San Francisco","2018-10","5000+","71471.0"
"983","San Francisco","2018-10","501-1000","68775.0"
"984","San Francisco","2018-10","51-200","66563.0"
"985","San Francisco","2018-12","<51","64522"
"986","San Francisco","2018-12","1001-5000","71262"
"987","San Francisco","2018-12","201-500","68704"
"988","San Francisco","2018-12","5000+","72173"
"989","San Francisco","2018-12","501-1000","69507"
"990","San Francisco","2018-12","51-200","67167"
"991","San Francisco","2019-01","<51","64799"
"992","San Francisco","2019-01","1001-5000","71538"
"993","San Francisco","2019-01","201-500","68926"
"994","San Francisco","2019-01","5000+","72524"
"995","San Francisco","2019-01","501-1000","69770"
"996","San Francisco","2019-01","51-200","67469"
"997","San Francisco","2019-02","<51","64341"
"998","San Francisco","2019-02","1001-5000","71051"
"999","San Francisco","2019-02","201-500","68287"
"1000","San Francisco","2019-02","5000+","71765"
"1001","San Francisco","2019-02","501-1000","69180"
"1002","San Francisco","2019-02","51-200","66868"
"1003","San Francisco","2019-03","<51","65615"
"1004","San Francisco","2019-03","1001-5000","72416"
"1005","San Francisco","2019-03","201-500","69688"
"1006","San Francisco","2019-03","5000+","73020"
"1007","San Francisco","2019-03","501-1000","70548"
"1008","San Francisco","2019-03","51-200","68084"
"1009","Seattle","2017-06","<51","53747.0"
"1010","Seattle","2017-06","1001-5000","59249.0"
"1011","Seattle","2017-06","201-500","56985.0"
"1012","Seattle","2017-06","5000+","60303.0"
"1013","Seattle","2017-06","501-1000","57837.0"
"1014","Seattle","2017-06","51-200","55719.0"
"1015","Seattle","2017-07","<51","53653.0"
"1016","Seattle","2017-07","1001-5000","59182.0"
"1017","Seattle","2017-07","201-500","56935.0"
"1018","Seattle","2017-07","5000+","60301.0"
"1019","Seattle","2017-07","501-1000","57815.0"
"1020","Seattle","2017-07","51-200","55722.0"
"1021","Seattle","2017-08","<51","54929.0"
"1022","Seattle","2017-08","1001-5000","60597.0"
"1023","Seattle","2017-08","201-500","58231.0"
"1024","Seattle","2017-08","5000+","61612.0"
"1025","Seattle","2017-08","501-1000","59130.0"
"1026","Seattle","2017-08","51-200","57034.0"
"1027","Seattle","2017-09","<51","54662.0"
"1028","Seattle","2017-09","1001-5000","60404.0"
"1029","Seattle","2017-09","201-500","57998.0"
"1030","Seattle","2017-09","5000+","61355.0"
"1031","Seattle","2017-09","501-1000","58823.0"
"1032","Seattle","2017-09","51-200","56752.0"
"1033","Seattle","2017-10","<51","54576.0"
"1034","Seattle","2017-10","1001-5000","60502.0"
"1035","Seattle","2017-10","201-500","57940.0"
"1036","Seattle","2017-10","5000+","61286.0"
"1037","Seattle","2017-10","501-1000","58723.0"
"1038","Seattle","2017-10","51-200","56862.0"
"1039","Seattle","2017-11","<51","54439.0"
"1040","Seattle","2017-11","1001-5000","60112.0"
"1041","Seattle","2017-11","201-500","57798.0"
"1042","Seattle","2017-11","5000+","61082.0"
"1043","Seattle","2017-11","501-1000","58741.0"
"1044","Seattle","2017-11","51-200","56722.0"
"1045","Seattle","2017-12","<51","54022.0"
"1046","Seattle","2017-12","1001-5000","59601.0"
"1047","Seattle","2017-12","201-500","57373.0"
"1048","Seattle","2017-12","5000+","60632.0"
"1049","Seattle","2017-12","501-1000","58299.0"
"1050","Seattle","2017-12","51-200","56328.0"
"1051","Seattle","2018-01","<51","54495.0"
"1052","Seattle","2018-01","1001-5000","60075.0"
"1053","Seattle","2018-01","201-500","57848.0"
"1054","Seattle","2018-01","5000+","61099.0"
"1055","Seattle","2018-01","501-1000","58769.0"
"1056","Seattle","2018-01","51-200","56814.0"
"1057","Seattle","2018-02","<51","55564.0"
"1058","Seattle","2018-02","1001-5000","61011.0"
"1059","Seattle","2018-02","201-500","58902.0"
"1060","Seattle","2018-02","5000+","62271.0"
"1061","Seattle","2018-02","501-1000","59845.0"
"1062","Seattle","2018-02","51-200","57778.0"
"1063","Seattle","2018-03","<51","55858.0"
"1064","Seattle","2018-03","1001-5000","61429.0"
"1065","Seattle","2018-03","201-500","59223.0"
"1066","Seattle","2018-03","5000+","62586.0"
"1067","Seattle","2018-03","501-1000","60110.0"
"1068","Seattle","2018-03","51-200","58122.0"
"1069","Seattle","2018-04","<51","55664.0"
"1070","Seattle","2018-04","1001-5000","61559.0"
"1071","Seattle","2018-04","201-500","59132.0"
"1072","Seattle","2018-04","5000+","62242.0"
"1073","Seattle","2018-04","501-1000","60016.0"
"1074","Seattle","2018-04","51-200","58010.0"
"1075","Seattle","2018-05","<51","54738.0"
"1076","Seattle","2018-05","1001-5000","60539.0"
"1077","Seattle","2018-05","201-500","58155.0"
"1078","Seattle","2018-05","5000+","61170.0"
"1079","Seattle","2018-05","501-1000","58995.0"
"1080","Seattle","2018-05","51-200","57007.0"
"1081","Seattle","2018-06","<51","55776.0"
"1082","Seattle","2018-06","1001-5000","61678.0"
"1083","Seattle","2018-06","201-500","59219.0"
"1084","Seattle","2018-06","5000+","62263.0"
"1085","Seattle","2018-06","501-1000","60069.0"
"1086","Seattle","2018-06","51-200","58050.0"
"1087","Seattle","2018-07","<51","55295.0"
"1088","Seattle","2018-07","1001-5000","61122.0"
"1089","Seattle","2018-07","201-500","58670.0"
"1090","Seattle","2018-07","5000+","61859.0"
"1091","Seattle","2018-07","501-1000","59548.0"
"1092","Seattle","2018-07","51-200","57553.0"
"1093","Seattle","2018-08","<51","55848.0"
"1094","Seattle","2018-08","1001-5000","61737.0"
"1095","Seattle","2018-08","201-500","59400.0"
"1096","Seattle","2018-08","5000+","62478.0"
"1097","Seattle","2018-08","501-1000","60096.0"
"1098","Seattle","2018-08","51-200","58167.0"
"1099","Seattle","2018-09","<51","56552.0"
"1100","Seattle","2018-09","1001-5000","62481.0"
"1101","Seattle","2018-09","201-500","60134.0"
"1102","Seattle","2018-09","5000+","63249.0"
"1103","Seattle","2018-09","501-1000","60813.0"
"1104","Seattle","2018-09","51-200","58863.0"
"1105","Seattle","2018-10","<51","56399.0"
"1106","Seattle","2018-10","1001-5000","62307.0"
"1107","Seattle","2018-10","201-500","60014.0"
"1108","Seattle","2018-10","5000+","63064.0"
"1109","Seattle","2018-10","501-1000","60685.0"
"1110","Seattle","2018-10","51-200","58733.0"
"1111","Seattle","2018-12","<51","57029"
"1112","Seattle","2018-12","1001-5000","62986"
"1113","Seattle","2018-12","201-500","60725"
"1114","Seattle","2018-12","5000+","63791"
"1115","Seattle","2018-12","501-1000","61435"
"1116","Seattle","2018-12","51-200","59367"
"1117","Seattle","2019-01","<51","56281"
"1118","Seattle","2019-01","1001-5000","62134"
"1119","Seattle","2019-01","201-500","59867"
"1120","Seattle","2019-01","5000+","62991"
"1121","Seattle","2019-01","501-1000","60599"
"1122","Seattle","2019-01","51-200","58601"
"1123","Seattle","2019-02","<51","56826"
"1124","Seattle","2019-02","1001-5000","62752"
"1125","Seattle","2019-02","201-500","60311"
"1126","Seattle","2019-02","5000+","63382"
"1127","Seattle","2019-02","501-1000","61099"
"1128","Seattle","2019-02","51-200","59057"
"1129","Seattle","2019-03","<51","56700"
"1130","Seattle","2019-03","1001-5000","62577"
"1131","Seattle","2019-03","201-500","60220"
"1132","Seattle","2019-03","5000+","63099"
"1133","Seattle","2019-03","501-1000","60963"
"1134","Seattle","2019-03","51-200","58833"
"1135","Washington DC","2017-06","<51","52249.0"
"1136","Washington DC","2017-06","1001-5000","57597.0"
"1137","Washington DC","2017-06","201-500","55397.0"
"1138","Washington DC","2017-06","5000+","58623.0"
"1139","Washington DC","2017-06","501-1000","56225.0"
"1140","Washington DC","2017-06","51-200","54166.0"
"1141","Washington DC","2017-07","<51","52891.0"
"1142","Washington DC","2017-07","1001-5000","58342.0"
"1143","Washington DC","2017-07","201-500","56126.0"
"1144","Washington DC","2017-07","5000+","59445.0"
"1145","Washington DC","2017-07","501-1000","56995.0"
"1146","Washington DC","2017-07","51-200","54932.0"
"1147","Washington DC","2017-08","<51","53932.0"
"1148","Washington DC","2017-08","1001-5000","59498.0"
"1149","Washington DC","2017-08","201-500","57174.0"
"1150","Washington DC","2017-08","5000+","60495.0"
"1151","Washington DC","2017-08","501-1000","58058.0"
"1152","Washington DC","2017-08","51-200","56000.0"
"1153","Washington DC","2017-09","<51","52405.0"
"1154","Washington DC","2017-09","1001-5000","57910.0"
"1155","Washington DC","2017-09","201-500","55604.0"
"1156","Washington DC","2017-09","5000+","58822.0"
"1157","Washington DC","2017-09","501-1000","56394.0"
"1158","Washington DC","2017-09","51-200","54409.0"
"1159","Washington DC","2017-10","<51","52693.0"
"1160","Washington DC","2017-10","1001-5000","58415.0"
"1161","Washington DC","2017-10","201-500","55942.0"
"1162","Washington DC","2017-10","5000+","59172.0"
"1163","Washington DC","2017-10","501-1000","56697.0"
"1164","Washington DC","2017-10","51-200","54901.0"
"1165","Washington DC","2017-11","<51","52993.0"
"1166","Washington DC","2017-11","1001-5000","58515.0"
"1167","Washington DC","2017-11","201-500","56263.0"
"1168","Washington DC","2017-11","5000+","59459.0"
"1169","Washington DC","2017-11","501-1000","57181.0"
"1170","Washington DC","2017-11","51-200","55215.0"
"1171","Washington DC","2017-12","<51","53361.0"
"1172","Washington DC","2017-12","1001-5000","58870.0"
"1173","Washington DC","2017-12","201-500","56671.0"
"1174","Washington DC","2017-12","5000+","59889.0"
"1175","Washington DC","2017-12","501-1000","57585.0"
"1176","Washington DC","2017-12","51-200","55638.0"
"1177","Washington DC","2018-01","<51","53303.0"
"1178","Washington DC","2018-01","1001-5000","58761.0"
"1179","Washington DC","2018-01","201-500","56583.0"
"1180","Washington DC","2018-01","5000+","59763.0"
"1181","Washington DC","2018-01","501-1000","57484.0"
"1182","Washington DC","2018-01","51-200","55572.0"
"1183","Washington DC","2018-02","<51","53866.0"
"1184","Washington DC","2018-02","1001-5000","59147.0"
"1185","Washington DC","2018-02","201-500","57102.0"
"1186","Washington DC","2018-02","5000+","60369.0"
"1187","Washington DC","2018-02","501-1000","58016.0"
"1188","Washington DC","2018-02","51-200","56013.0"
"1189","Washington DC","2018-03","<51","53799.0"
"1190","Washington DC","2018-03","1001-5000","59164.0"
"1191","Washington DC","2018-03","201-500","57040.0"
"1192","Washington DC","2018-03","5000+","60279.0"
"1193","Washington DC","2018-03","501-1000","57894.0"
"1194","Washington DC","2018-03","51-200","55980.0"
"1195","Washington DC","2018-04","<51","54378.0"
"1196","Washington DC","2018-04","1001-5000","60137.0"
"1197","Washington DC","2018-04","201-500","57766.0"
"1198","Washington DC","2018-04","5000+","60804.0"
"1199","Washington DC","2018-04","501-1000","58629.0"
"1200","Washington DC","2018-04","51-200","56670.0"
"1201","Washington DC","2018-05","<51","53614.0"
"1202","Washington DC","2018-05","1001-5000","59296.0"
"1203","Washington DC","2018-05","201-500","56961.0"
"1204","Washington DC","2018-05","5000+","59914.0"
"1205","Washington DC","2018-05","501-1000","57784.0"
"1206","Washington DC","2018-05","51-200","55836.0"
"1207","Washington DC","2018-06","<51","54179.0"
"1208","Washington DC","2018-06","1001-5000","59911.0"
"1209","Washington DC","2018-06","201-500","57523.0"
"1210","Washington DC","2018-06","5000+","60481.0"
"1211","Washington DC","2018-06","501-1000","58348.0"
"1212","Washington DC","2018-06","51-200","56388.0"
"1213","Washington DC","2018-07","<51","53522.0"
"1214","Washington DC","2018-07","1001-5000","59162.0"
"1215","Washington DC","2018-07","201-500","56788.0"
"1216","Washington DC","2018-07","5000+","59875.0"
"1217","Washington DC","2018-07","501-1000","57638.0"
"1218","Washington DC","2018-07","51-200","55708.0"
"1219","Washington DC","2018-08","<51","53685.0"
"1220","Washington DC","2018-08","1001-5000","59345.0"
"1221","Washington DC","2018-08","201-500","57099.0"
"1222","Washington DC","2018-08","5000+","60058.0"
"1223","Washington DC","2018-08","501-1000","57768.0"
"1224","Washington DC","2018-08","51-200","55913.0"
"1225","Washington DC","2018-09","<51","55090.0"
"1226","Washington DC","2018-09","1001-5000","60866.0"
"1227","Washington DC","2018-09","201-500","58579.0"
"1228","Washington DC","2018-09","5000+","61614.0"
"1229","Washington DC","2018-09","501-1000","59241.0"
"1230","Washington DC","2018-09","51-200","57342.0"
"1231","Washington DC","2018-10","<51","55034.0"
"1232","Washington DC","2018-10","1001-5000","60798.0"
"1233","Washington DC","2018-10","201-500","58561.0"
"1234","Washington DC","2018-10","5000+","61536.0"
"1235","Washington DC","2018-10","501-1000","59215.0"
"1236","Washington DC","2018-10","51-200","57310.0"
"1237","Washington DC","2018-12","<51","54828"
"1238","Washington DC","2018-12","1001-5000","60555"
"1239","Washington DC","2018-12","201-500","58382"
"1240","Washington DC","2018-12","5000+","61329"
"1241","Washington DC","2018-12","501-1000","59064"
"1242","Washington DC","2018-12","51-200","57076"
"1243","Washington DC","2019-01","<51","55367"
"1244","Washington DC","2019-01","1001-5000","61125"
"1245","Washington DC","2019-01","201-500","58893"
"1246","Washington DC","2019-01","5000+","61967"
"1247","Washington DC","2019-01","501-1000","59615"
"1248","Washington DC","2019-01","51-200","57648"
"1249","Washington DC","2019-02","<51","55262"
"1250","Washington DC","2019-02","1001-5000","61025"
"1251","Washington DC","2019-02","201-500","58652"
"1252","Washington DC","2019-02","5000+","61638"
"1253","Washington DC","2019-02","501-1000","59418"
"1254","Washington DC","2019-02","51-200","57432"
"1255","Washington DC","2019-03","<51","55172"
"1256","Washington DC","2019-03","1001-5000","60890"
"1257","Washington DC","2019-03","201-500","58597"
"1258","Washington DC","2019-03","5000+","61398"
"1259","Washington DC","2019-03","501-1000","59320"
"1260","Washington DC","2019-03","51-200","57248"
