title,company,empn_rate,posted_time,location,salary,preview,link,job_key,empn_id,job_type
Business Development Analyst Intern/Apprentice,IHS Markit,3.6,Just posted,"Houston, TX 77077",NA,IHS Markit Business Code of Conduct.Support the business development team with creation of client-facing presentations.Stage 1: Submit online application.,http://www.indeed.com/rc/clk?jk=2e01c38c793dfb88&fccid=c4ba6202af4dda9d&vjs=3,2e01c38c793dfb88,NA,internship
Business Analyst - 2020 Summer Intern,Sabre,3.7,Today,"Southlake, TX 76092",NA,"Collaborate with developers to test and verify that solutions will meet the business requirements.Work with clients and end users to gather, understand, and…",http://www.indeed.com/rc/clk?jk=cf04177fbc0e23bb&fccid=05fac7ab69452ba3&vjs=3,cf04177fbc0e23bb,NA,internship
Salesforce Business Analyst ITC#1075(Intern),General Dynamics Information Technology,3.8,Today,"Bossier City, LA 71111",NA,The Intern Business Analyst will be responsible for partnering with the solution team to gather business and system requirements and develop solutions and…,http://www.indeed.com/rc/clk?jk=3bd94032d918c360&fccid=11caadcdc98800d4&vjs=3,3bd94032d918c360,NA,internship
"Intern, Business Analyst",Hologic,3.8,4 days ago,"Marlborough, MA 01752",NA,"Understanding of a commercial business structure.Majoring in: Marketing, Finance, Business Information Systems.Be enrolled as a Rising Junior/Senior.",http://www.indeed.com/rc/clk?jk=636a61b94989b3aa&fccid=56fefe1ffa207dba&vjs=3,636a61b94989b3aa,NA,internship
Business Analyst Intern,Syneren Technologies Corporation,2.6,5 days ago,"Arlington, VA 22201",NA,"As a Business Analyst Intern within our Business Development Team, you will:As a business analyst intern, you will gain experience in business development and…",http://www.indeed.com/rc/clk?jk=e2eb609b64f6a6f2&fccid=a38d6c8ec55c0242&vjs=3,e2eb609b64f6a6f2,NA,internship
Business Analyst Intern,Jacobs,3.9,5 days ago,"Baton Rouge, LA 70809",NA,"The Business Analyst Intern (BA) will perform information gathering, detailed requirements analysis, and documentation of processes.",http://www.indeed.com/rc/clk?jk=2ce7f5448f34ba7a&fccid=de56d7554bea5214&vjs=3,2ce7f5448f34ba7a,NA,internship
Business Operations Analyst Intern,YETI Coolers,3.6,5 days ago,"Austin, TX",NA,"YETI is looking for a Business Operations Analyst Intern to join our Direct to Consumer team for the Summer 2020 Internship program.Start date: May 26, 2020.",http://www.indeed.com/rc/clk?jk=edfbf012bae32eac&fccid=873988f60c379d52&vjs=3,edfbf012bae32eac,NA,internship
Business Technology Analyst - Intern,ZS Associates,3.5,5 days ago,"Evanston, IL 60201",NA,Provide input to Business Technology Analysts and delivery leads to build comprehensive implementation project plans;Connect with ZS on social media:,http://www.indeed.com/rc/clk?jk=937de9fd77e12756&fccid=f349f6e84d53b739&vjs=3,937de9fd77e12756,NA,internship
Intern- IT Business Analyst,Micron,3.8,6 days ago,"Boise, ID",NA,"Work as an IT Business Analyst interfacing with business owners and other Micron team members.Collaborate with stakeholders to identify business requirements,…",http://www.indeed.com/rc/clk?jk=59ea8a5cbc15b452&fccid=be240c643a8631c5&vjs=3,59ea8a5cbc15b452,NA,internship
Business Analyst,Precision Technologies Corp,4.2,7 days ago,"Monmouth Junction, NJ 08852","$55,000 - $65,000 a year",Business analysis: 1 year (Preferred).Define configuration specifications and business analysis requirements.Define reporting and alerting requirements.,http://www.indeed.com/company/Precision-Technologies-Corp/jobs/Business-Analyst-d434f7421b48674f?fccid=59ee6698a7dcef43&vjs=3,d434f7421b48674f,NA,internship
Business Analyst Intern,Lovepop,3.1,13 days ago,"Boston, MA",NA,"The Business Analyst Intern will support the Operations leadership team in the day-to-day.Escalate feedback from team’s business partners, providing the…",http://www.indeed.com/rc/clk?jk=2e72e86243acaabc&fccid=ed5dbc275f88e893&vjs=3,2e72e86243acaabc,NA,internship
Junior Business Analyst Intern,Munich Re America,4.1,13 days ago,"Princeton, NJ",NA,"Preferred Majors: Business, Accounting, Math, Finance, Liberal Arts.Our interns' work load and tasks will provide them with experience in contributing a…",http://www.indeed.com/rc/clk?jk=7a318644205d4eb9&fccid=d4448c192a012f32&vjs=3,7a318644205d4eb9,NA,internship
"Technology Business Analyst Intern, Orlando Summer 2020","Disney Parks, Experiences and Products",4.5,12 days ago,"Lake Buena Vista, FL",NA,"This intern will work with business partners and technology teams to plan and report on projects, develop presentations that effectively communicate business…",http://www.indeed.com/rc/clk?jk=e577dfe98bd687e3&fccid=6908893b5c7af08c&vjs=3,e577dfe98bd687e3,NA,internship
Scrum Master / Business Analyst,Eateam,NA,12 days ago,"Memphis, TN",NA,One position that will need both scrum master and business analyst skills.User stories will be captured in Azure DevOps.Scrum Master: 1 year (Preferred).,http://www.indeed.com/company/Eateam/jobs/Scrum-Master-771cf8184155d104?fccid=1cc48fd2328742b1&vjs=3,771cf8184155d104,NA,internship
INTERN - IT Business Analyst,State of Arizona,3.6,12 days ago,"Phoenix, AZ",Up to $18 an hour,"Intern project – Assist in documenting requirements, use cases, user stories and acceptance criteria; meet with business programs to confirm requirements;…",http://www.indeed.com/rc/clk?jk=6da90999cb332c8f&fccid=ac9531a4aa5791eb&vjs=3,6da90999cb332c8f,NA,internship
"SAP Concur iXp Intern- Business Analyst, Global Business Dev...",SAP,4.3,12 days ago,"Bellevue, WA",NA,"Position Title: SAP Concur iXp Intern- Business Analyst, Global Business Development.The Business Analyst Intern will work closely with the Global Business…",http://www.indeed.com/rc/clk?jk=76381d017d7a5513&fccid=156c7820d1988640&vjs=3,76381d017d7a5513,NA,internship
IT Business Analyst Internship,"School Specialty, Inc.",3.1,13 days ago,"Greenville, WI 54942",NA,Providing day-to-day handling of business need through SSI’s ticketing system contributing to business need resolution on site at the Greenville office facility…,http://www.indeed.com/rc/clk?jk=355e2e7151a986e2&fccid=dbdf71469b0cc9f1&vjs=3,355e2e7151a986e2,NA,internship
Business Analyst Intern,GESTURE,4.8,20 days ago,"Manhattan, NY 10018 (Clinton area)",NA,We are seeking a Business Analyst Intern to join our team immediately!Define configuration specifications and business analysis requirements.,http://www.indeed.com/company/GESTURE/jobs/Business-Analyst-Intern-9b8c2190d9ba175c?fccid=7b7ce0523150d373&vjs=3,9b8c2190d9ba175c,NA,internship
Intern (Business Analyst),Telos Corporation,4.0,14 days ago,"Ashburn, VA 20147",NA,While working closely with and being mentored by full-time career Business analysts the intern will learn to:We have an exciting Business Analyst Summer Intern…,http://www.indeed.com/rc/clk?jk=54d2c3f9262e469a&fccid=5695b0e2ce6945d4&vjs=3,54d2c3f9262e469a,NA,internship
HMHS Undergraduate Intern Summer 2020 - Business Analyst,HM Health Solutions,2.7,14 days ago,"Wilmington, DE 19894",NA,"To that end, the program will provide hands-on training and experience in the business line, expose the various career opportunities in the business line and…",http://www.indeed.com/rc/clk?jk=40f118c451eda8b4&fccid=d040e6501384970e&vjs=3,40f118c451eda8b4,NA,internship
Fresher/ Entry Level Business Analyst with VISA Support,"KGS Technology Group, Inc.",4.5,19 days ago,"Chicago, IL","$55,000 - $60,000 a year",Job Opportunity for Junior Business Analyst: *.Create Business Requirements Specification Document.Study the existing system with the aim of understanding the…,http://www.indeed.com/company/KGS-Technology-Group-Inc/jobs/Fresher-b1508d44374c7dda?fccid=ce626fc72d7eb30c&vjs=3,b1508d44374c7dda,NA,internship
Data Governance Business Analyst Intern - Spring,Great American Insurance Group,3.9,18 days ago,"Cincinnati, OH 45202 (Mount Adams area)",NA,Develop understanding of business operations.Great American Insurance Group – Annuity Information Technology department is currently searching for a Business…,http://www.indeed.com/rc/clk?jk=baa6dd0a200fdf97&fccid=11e7471668f88afd&vjs=3,baa6dd0a200fdf97,NA,internship
2020 Summer Intern: Business Analyst-Field Operations,Spectrum,3.5,16 days ago,"Greenwood Village, CO",NA,Desire to learn more about business.This is a learning-intensive program designed to give you essential business insights and hands-on experience in your field…,http://www.indeed.com/rc/clk?jk=28cdc00b5f80b96a&fccid=c2d1b0769a534b4d&vjs=3,28cdc00b5f80b96a,NA,internship
"Intern, Business Analyst for SAP Global Strategic Service Pa...",SAP,4.3,21 days ago,"Newtown Square, PA",NA,This position will work with the team that manages these partnerships and will provide business analysis support.WHAT YOU GET FROM US.,http://www.indeed.com/rc/clk?jk=bd2b8b8adad5d032&fccid=156c7820d1988640&vjs=3,bd2b8b8adad5d032,NA,internship
Business Analyst Intern - Winter/Spring 2020,Bainbridge - BC Analytics and Research,NA,25 days ago,"San Diego, CA 92121",$15 - $25 an hour,Effectively communicating research results to the Business Analyst team and making the appropriate strategic recommendations.Salary: $15.00 to $25.00 /hour.,http://www.indeed.com/company/Bainbridge-Capital-Inc/jobs/Business-Analyst-Intern-e7edd82fbe670eb8?fccid=47c51c31c9506b73&vjs=3,e7edd82fbe670eb8,NA,internship
Intern - Business Analyst,Crawford & Company,3.6,25 days ago,"Atlanta, GA",NA,"The intern will also assist in providing research and analytical support to Crawford’s business units on global market trends, competitor analysis, local market…",http://www.indeed.com/rc/clk?jk=4ea9582b6070c451&fccid=b2da323a498ad56b&vjs=3,4ea9582b6070c451,NA,internship
Amplify Summer 2020 - Business Analyst Intern,City National Bank,3.7,21 days ago,"Los Angeles, CA",NA,The Business Analyst should have:Ability to understand and communicate business value.We are looking to build a team comprised from the following roles:…,http://www.indeed.com/rc/clk?jk=bb4f1770a64c1a23&fccid=fcc08bf9b47571ef&vjs=3,bb4f1770a64c1a23,NA,internship
Business Analyst Intern,Mastronardi Produce,2.8,25 days ago,"Livonia, MI 48150",NA,"Our Livonia Distribution Center, a 400,000 sq. ft. refrigerated facility operating 24/7, is currently seeking a Business Analyst Intern to join our team.",http://www.indeed.com/rc/clk?jk=483a9aee7b36a9c6&fccid=27231fd00c535e3c&vjs=3,483a9aee7b36a9c6,NA,internship
Intern - Business Intelligence Analyst,Micron,3.8,30+ days ago,"Boise, ID",NA,"Architect, design, prototype solutions to support business strategies and deliver business value.As an IT Business Intelligence Analyst (BIA) in Information…",http://www.indeed.com/rc/clk?jk=81f4ec905fb9f574&fccid=be240c643a8631c5&vjs=3,81f4ec905fb9f574,NA,internship
"Business Analyst, Technical writer, Project Managers, Progra...",RRA Group LLC,NA,30+ days ago,"Tampa, FL 33637",NA,"Bachelors or Master’s in Business Administration or Computer Science or Information technology/ Systems, Business Intelligence, or Business Logistics.",http://www.indeed.com/company/RRA-Group-LLC/jobs/Business-Analyst-c9d4a471424f225b?fccid=174a2bdbf8d53f15&vjs=3,c9d4a471424f225b,NA,internship
Business Analyst Internship- Summer 2020,CME Group,4.2,30+ days ago,"Chicago, IL",NA,"Experience in business systems analysis or related.Contributing to storyboarding, prototyping, and business analysis activities.",http://www.indeed.com/rc/clk?jk=f6008b5998cd807f&fccid=5a3ef63f55aa5ca2&vjs=3,f6008b5998cd807f,NA,internship
Summer 360 Internship - Business Analyst,"Insight Enterprises, Inc.",3.6,28 days ago,"Tempe, AZ 85283",NA,Engagement with technical team on business solutions.Our Operations/Business Analyst team is looking for a summer intern.What are you doing this summer?,http://www.indeed.com/rc/clk?jk=a40b468d8d5be615&fccid=69247daab4a84a92&vjs=3,a40b468d8d5be615,NA,internship
eComm Business Analyst Intern,Michaels,3.6,30+ days ago,"Irving, TX 75063",NA,The eComm Business Analyst Intern is responsible for providing administrative support for eCommerce Merchandising.What will you be doing?How will you do it?,http://www.indeed.com/rc/clk?jk=8a612f47f225add9&fccid=7bec89cb1b3b9073&vjs=3,8a612f47f225add9,NA,internship
SAP NS2 Go-to-Market Business Analyst Intern - Herndon - 201...,SAP,4.3,28 days ago,"Herndon, VA 20171",NA,"As a Business Analyst Intern at SAP NS2, you will provide a variety of administrative support to the NS2 Go to Market organization (GTM).WHAT YOU GET FROM US.",http://www.indeed.com/rc/clk?jk=db2eddd883273a1d&fccid=156c7820d1988640&vjs=3,db2eddd883273a1d,NA,internship
Business Intelligence Analyst Intern,Janus Henderson,3.2,28 days ago,"Denver, CO",NA,30%: To be a trusted business partner and go-to resource for your teammates and our internal business customers about our distribution data.PC usage up to 90%.,http://www.indeed.com/rc/clk?jk=4280876d74cdc00a&fccid=a6d93d6aecd27f30&vjs=3,4280876d74cdc00a,NA,internship
Product/Business Analyst Internship,Western Asset Management,4.0,30+ days ago,"Pasadena, CA 91101",NA,"As a Product Analyst intern at Western Asset, you’ll act as a partner to clients and the business, and ensure they get the information they need.",http://www.indeed.com/rc/clk?jk=d380a291bda919b0&fccid=9693178130703316&vjs=3,d380a291bda919b0,NA,internship
Business Analyst Intern (MBA) - Summer 2020,Splunk,4.1,30+ days ago,"San Jose, CA",NA,Business Transformation - Business Analyst Intern (MBA).Support the translation of the to-be business process into use cases and collaborates with the business…,http://www.indeed.com/rc/clk?jk=ae02001e99442f2a&fccid=aef928e89977f7f0&vjs=3,ae02001e99442f2a,NA,internship
2020 Intern - CIO Finance Business/Data Analyst (Raleigh),IBM,3.9,30+ days ago,United States,NA,"We drive business agility in accounting, financial planning, pricing, tax, treasury, business development (acquisitions & divestitures) and global financing,…",http://www.indeed.com/rc/clk?jk=279b16d43e87f6df&fccid=de71a49b535e21cb&vjs=3,279b16d43e87f6df,NA,internship
Technical Business Analyst Intern,"Competitive Computing, Inc. (C2)",NA,30+ days ago,"Colchester, VT 05446",NA,"Our ideal candidate is a motivated technical business analyst intern who is ready to apply knowledge of business practices and processes in a fast-paced, real…",http://www.indeed.com/rc/clk?jk=2a7ecb394879775c&fccid=838f9cd387728cfc&vjs=3,2a7ecb394879775c,NA,internship
Business Analyst Intern,eZCARETECH,NA,30+ days ago,"Torrance, CA 90501",NA,Analyze business needs and requirements and learn how to interpret business data.We are looking for a Business Analyst Intern who will assist in ensuring…,http://www.indeed.com/company/eZCARETECH/jobs/Business-Analyst-Intern-e8b886f1300c06b7?fccid=d78f98040251c1a4&vjs=3,e8b886f1300c06b7,NA,internship
2020 Summer Internship – Analyst – Business Development,IHS Markit,3.6,30+ days ago,"New York, NY 10001 (Chelsea area)",NA,"IHS Markit Business Code of Conduct.For our Analyst applicants, we recommend the following:Pursuing a Bachelor’s or Master’s degree (or equivalent) completing…",http://www.indeed.com/rc/clk?jk=7391897a5e2ddb67&fccid=c4ba6202af4dda9d&vjs=3,7391897a5e2ddb67,NA,internship
Technical Business Analyst Intern,Ecolab,3.5,30+ days ago,"Saint Paul, MN 55102 (West 7th area)",NA,Ecolab is seeking a Technical Business Analyst Intern on our Commercial Digital Solutions team to help achieve goals through projects that translate business…,http://www.indeed.com/rc/clk?jk=e4784fbdfaf9c8f0&fccid=b8df555617879658&vjs=3,e4784fbdfaf9c8f0,NA,internship
Intern - Business Analyst Associate,Micron,3.8,30+ days ago,"Boise, ID",NA,"As a Business Analyst Associate Intern member of the Technology Development (TD) Strategy Group in Boise, Idaho you will work closely with the TD strategy team…",http://www.indeed.com/rc/clk?jk=aa6fcf36c83da9e4&fccid=be240c643a8631c5&vjs=3,aa6fcf36c83da9e4,NA,internship
Business Systems Analyst Intern - Campus Recruiting,"CGI Group, Inc.",3.7,30+ days ago,"Richmond, VA 23234",NA,"Students joining CGIs intern program should have a demonstrated interest in technology and business, strong problem-solving abilities, critical thinking and…",http://www.indeed.com/rc/clk?jk=cfc23acea81bdf98&fccid=d2841a5c0380b93d&vjs=3,cfc23acea81bdf98,NA,internship
Business Analyst Intern,Briteskies,5.0,30+ days ago,"Cleveland, OH 44113 (Tremont area)",NA,"Are you a student currently enrolled in Business Administration, Finance, Economics, or a related field of study?",http://www.indeed.com/rc/clk?jk=04952e60d30f9181&fccid=53dcdc23aa95ff43&vjs=3,04952e60d30f9181,NA,internship
UPS Capital Business Systems Analyst Intern,UNITED PARCEL SERVICE,3.8,30+ days ago,"Atlanta, GA",NA,He/She will work with business partners across multiple business functions to align technology solutions with business strategies.,http://www.indeed.com/rc/clk?jk=5a668834c8371210&fccid=fcf465e707df52fb&vjs=3,5a668834c8371210,NA,internship
Intern: Intl. Pricing & Business Analyst (Spring 2020),Volvo Group,4.1,30+ days ago,"Greensboro, NC 27409",NA,The purpose of the intern will be to work mainly on business intelligence projects with the Pricing & Business Analyst primarily for Latin American markets.,http://www.indeed.com/rc/clk?jk=df88ddfc3bf7302e&fccid=0f63e537c80f169b&vjs=3,df88ddfc3bf7302e,NA,internship
Business Analyst Graduate Intern- Summer 2020,First American,3.8,30+ days ago,"Rancho Cucamonga, CA 91730",NA,"As a Business Analyst intern, with First American Title , Business Architecture team you’ll gain first-hand experience and knowledge of the day-to-day life of a…",http://www.indeed.com/rc/clk?jk=70e2d2c2d392eeff&fccid=4ee8dde7f79849a9&vjs=3,70e2d2c2d392eeff,NA,internship
Intern: Supply Chain Business Information Analyst (Spring 20...,Volvo Group,4.1,30+ days ago,"Dublin, CA",NA,"The Supply Chain/Business Information Analyst internship position will be responsible for working with various Volvo Business Areas, Internal partners.",http://www.indeed.com/rc/clk?jk=1729202665558a93&fccid=0f63e537c80f169b&vjs=3,1729202665558a93,NA,internship
Business Analyst Intern,KLÜBER LUBRICATION NORTH AMERICA,NA,3 days ago,"Londonderry, NH",NA,We are looking for a Business Analyst Intern to join our team from January 2020 to May 2020.This is an unpaid internship.,http://www.indeed.com/pagead/clk?mo=r&ad=-6NYlbfkN0B7G7C_P_qKXcRQWW29UUG03kv25a9mkJWUeGiww7qNjUEiHo3gpazXkigK2kJycELTvpqf7D9dDNPS5yP4m9zHiX8gZj01k2f546Hd0kWANzD8rxshQxDbn7fe4izAV1Y_0CI6gI4wMznpL84hCRCLubiD5RxDPxFbgpFF4yfauySQaKaTjIGk8j7OiRbJhl4oCMizabeRmGMg7U6V5WA6FCtlLXDwMef2owNnszJlh2gb8pA-JnXD36wg6-dVBLG7I4mVKdC0dMYGVzVohVjZofmnhnXEdyRJlf5KXAQOyXNOJq4qmkUxMbcUHC0_ZtGcITWaYoQx3xVmjjWD41N6DnEMj4jPtF66IrYWARfccqC9ob0vvjPnixgQccguVixvG9L9UW_PBnc_YuOr58IfseQM1JvD6Hg9HJhCT8B44Ymt7fXUtpeNjvo5UNONNxUsTvg89aN3yNcjgmZtMOIQzp3U8Kskt3dH5njOmG9W2A==&p=49&fvj=1&vjs=3,949145718bf5a974,4948522625830548,internship
2020 Summer Intern: Business Analyst-Field Operations,SPECTRUM,3.5,1 day ago,"Greenwood Village, CO 80121",NA,Desire to learn more about business.This is a learning-intensive program designed to give you essential business insights and hands-on experience in your field…,http://www.indeed.com/pagead/clk?mo=r&ad=-6NYlbfkN0CeXNZYxOzgf11O9-TFJft4I5QLQjKTqoL33Rtx55G7TkVGIeg0V66z9qIFN7f7eNsOBFMLxHM5NRC0e8_UlAvd6r5Xgf5yAohOBaUFlROLFwN6wOXaaf3EOsZWgaio3Y3JbcPfWE00yWuD7yvR0lGRmPB0jKFYXGdHx9qbeSqKdgsP-1scOoePtK1lbORuTcP5wMN3Pqt_kBvWOz5WgiY4aTuQvPV6JrmgY0n8vQRi9WIswtXgQ5LnVmtc3U0Ylsm_gQKyjnoDEGsNYfMDsvEj-hztY_GQL-J0PT_CRmXWPmNQl1whinyv-6mUaCFjOz0-6vsh_wWw4iRlu6BGySEh5m13Tg1dm09yHbLcw5_n_ceZ_32YoqH9yHGyM1rEGUdVnMxtFMn3YOCNfGayBPSL&p=50&fvj=0&vjs=3,c1dcee9bc0c901bb,9269596879789550,internship
Business Analysts Intern,Maxar Technologies,3.6,29 days ago,"Charlottesville, VA 22904",NA,"Familiarity with the Business Analysis Body of Knowledge® (BABOK®).Preference will be given to enrolled students majoring in business, information systems…",http://www.indeed.com/pagead/clk?mo=r&ad=-6NYlbfkN0B2LP6KtwgLMWcIJbzQK4y118hUYa2NHT0ELzb4aR6nDrO9_32R0LtaJkfuj-WiSeasdSu0BJ5KMC9S_j80jc_uwXhPhB5r3ibATNniXU_4SdlA_pJHfm5v5-b-lgrwlUru-D9_7-yyxcOSsQfV3TqB_oJ5wYnY3WWzzY0e11WI5cRv-dhPTsD9GmkDJskm--AZNrg-SUqof-KPLWtCuXF0E92oTp_AFHPwP9Mm-fszIFratpW5m9liov5FIx3j50DFWBhFnLGMfub7HmtJpP9ef00M7X2fyUOlgHaUpcMaTqemHj34gJww0uXtWfqC1jqaU7LApdIV_HafcpHBuLm3FLHIE1ryXy4wCEvO0p0MA8hmvVhJ5z_Q7qQyhY3ihkk6Wwj20l_cLXFiGbt3C0KaLfhF0by38AyKpUbyVXYkcg==&p=51&fvj=0&vjs=3,bc22d2d8e7e9f1d4,3565145538192372,internship
Business Analyst Intern,ETC,4.3,30+ days ago,"Middleton, WI 53562",NA,"Communicate business requirements to technical staff.Interest in project management, business analytics and testing strategies.Create and execute test plans.",http://www.indeed.com/rc/clk?jk=20f66ec0ffeb68db&fccid=6b7cfd09722d2164&vjs=3,20f66ec0ffeb68db,NA,internship
Business Analyst Intern - Consulting,DEKRA North America,2.2,30+ days ago,"Oxnard, CA",NA,"We are searching for a Business Analyst Intern - Consulting at our Oxnard, CA location.DEKRA Service Division Consulting is seeking a motivated business…",http://www.indeed.com/rc/clk?jk=164f3d4494314651&fccid=907f8b5685a87331&vjs=3,164f3d4494314651,NA,internship
JH Banking Special Projects Business Analyst (Springfield &...,Jack Henry,3.5,30+ days ago,"Springfield, MO 65809",NA,JH Banking Special Projects is looking for a Business Analyst Intern to join their team.Experience with Business Intelligence software.,http://www.indeed.com/rc/clk?jk=39e9bdd4240fc616&fccid=2a5783405eb3b48a&vjs=3,39e9bdd4240fc616,NA,internship
2020 Intern - CIO Business/Data Analyst (Raleigh),IBM,3.9,30+ days ago,"Research Triangle Park, NC",NA,"Enrolled in a Bachelor of Science in Business Information Technology, Management Information Systems, or a similar degree program.",http://www.indeed.com/rc/clk?jk=68890ca5740c5c18&fccid=de71a49b535e21cb&vjs=3,68890ca5740c5c18,NA,internship
Intern- Business Analyst,Itron,3.8,30+ days ago,"San Antonio, TX",NA,Analyze business processes and workflows and identifies opportunities for improvement.Works closely with colleagues in Global Managed Services and Business…,http://www.indeed.com/rc/clk?jk=a20804b65fa77d2b&fccid=bc47034515663039&vjs=3,a20804b65fa77d2b,NA,internship
Intern - Sales Business Intelligence Analyst,Micron,3.8,30+ days ago,"Boise, ID",NA,"Understanding of Business Intelligence Principles.At Micron, a global semiconductor company, you will learn how the Sales Business Intelligence Analyst team…",http://www.indeed.com/rc/clk?jk=8f65bd690870a364&fccid=be240c643a8631c5&vjs=3,8f65bd690870a364,NA,internship
Business Analyst Intern,Direct Supply,3.9,30+ days ago,"Milwaukee, WI 53218 (Silver Spring area)",NA,Ensure solutions align with Business and Technology objectives.Research and develop business plans for new products and services.,http://www.indeed.com/rc/clk?jk=c25ead7973c5bd40&fccid=7a9841454b2e9552&vjs=3,c25ead7973c5bd40,NA,internship
IT Business Analyst Intern | Summer 2020,Builders Mutual,NA,30+ days ago,"Raleigh, NC 27607 (Northwest area)",NA,"Current junior working towards a degree in Business, Risk Management or Information Technology.ENGAGE with teammates, field staff and leadership to directly…",http://www.indeed.com/rc/clk?jk=4ffe9c924c0f8588&fccid=b01dbeb1e2aedd09&vjs=3,4ffe9c924c0f8588,NA,internship
"Intern - Business Analyst [Newtown Square, PA]",SAP,4.3,30+ days ago,"Newtown Square, PA",NA,This position will work with the team that manages these partnerships and will provide business analysis support.WHAT YOU GET FROM US.,http://www.indeed.com/rc/clk?jk=bf95324d652e1b1d&fccid=156c7820d1988640&vjs=3,bf95324d652e1b1d,NA,internship
IT Business Analyst Intern,Speedway LLC,3.3,30+ days ago,"Enon, OH",NA,"Analyzes business processes, evaluates alternative solutions and makes recommendations to business clients accordingly.Minimum GPA of 3.0 or higher.",http://www.indeed.com/rc/clk?jk=2c00dfd55ef89594&fccid=7bfe9193d14346d5&vjs=3,2c00dfd55ef89594,NA,internship
Business Analyst Intern,"BioFire Diagnostics, LLC.",3.6,30+ days ago,"Salt Lake City, UT 84108 (East Bench area)",NA,"As a successful Business Analyst, you will work on several efforts simultaneously, following business processes through all applications to complete activities.",http://www.indeed.com/rc/clk?jk=99951da3ca5a3e60&fccid=976d3ed0652d3499&vjs=3,99951da3ca5a3e60,NA,internship
Business Analyst Intern for Commercial Current Business Mana...,HP,4.0,30+ days ago,"Fort Collins, CO 80528",NA,"As a Business Analyst Intern, within our Personal Systems business, you will:Manage complex data and business analyses to develop business plans and make…",http://www.indeed.com/rc/clk?jk=33303e2819629c45&fccid=1b866506aec22461&vjs=3,33303e2819629c45,NA,internship
Business Analyst MBA Summer Internship for Consumer Personal...,HP,4.0,30+ days ago,"Spring, TX 77389",NA,"As a Business Analyst Intern, within our Personal Systems business, you will:Manage complex data and business analyses to develop business plans and make…",http://www.indeed.com/rc/clk?jk=6bcea73ee7cad1f6&fccid=1b866506aec22461&vjs=3,6bcea73ee7cad1f6,NA,internship
Business Analyst MBA Summer Internship for Commercial System...,HP,4.0,30+ days ago,"Spring, TX 77389",NA,"As a Business Analyst Intern, within our Personal Systems business, you will:Manage complex data and business analyses to develop business plans and make…",http://www.indeed.com/rc/clk?jk=f08acd074a00aa39&fccid=1b866506aec22461&vjs=3,f08acd074a00aa39,NA,internship
2020 Intern - CIO Business/Data Analyst (New York/Connecticu...,IBM,3.9,30+ days ago,United States,NA,"Enrolled in a Bachelor of Science in Business Information Technology, Management Information Systems, or a similar degree program.",http://www.indeed.com/rc/clk?jk=26e14d880be00ac6&fccid=de71a49b535e21cb&vjs=3,26e14d880be00ac6,NA,internship
Business Analyst Summer Intern,Con Edison Clean Energy Businesses,NA,30+ days ago,"Valhalla, NY",NA,"Con Edison Development – Business Development.The Con Edison Clean Energy Businesses (“CEB”) are wholly owned subsidiaries of Consolidated Edison, Inc.",http://www.indeed.com/rc/clk?jk=a2cc4f0760b96866&fccid=88f14ad45e377349&vjs=3,a2cc4f0760b96866,NA,internship
Sales Business Analyst Intern,HP,4.0,30+ days ago,"Rio Rancho, NM 87144",NA,3rd yr University Student pursuing a major in Business or Engineering.Join us for a 12 week paid internship for Summer 2020.,http://www.indeed.com/rc/clk?jk=27d61cd8a91bb2fc&fccid=1b866506aec22461&vjs=3,27d61cd8a91bb2fc,NA,internship
Business Analyst Intern,KeHE Distributors,3.1,30+ days ago,"Naperville, IL 60563",NA,Current pursuit of Bachelor’s Degree in a Technology or Business major.Creativity and real passion for working with technology to tackle business problems.,http://www.indeed.com/rc/clk?jk=24a505cecc5dcfca&fccid=8e2790db4e6d0e3e&vjs=3,24a505cecc5dcfca,NA,internship
Business Analyst Intern,Weber Shandwick,3.9,30+ days ago,"New York, NY 10022 (Midtown area)",NA,"Business Analyst, Intern – Insights & Strategy (Temp to Perm).Recent graduates, with major in business or STEM preferred.What You Will Be Doing:",http://www.indeed.com/rc/clk?jk=84922e7844b87ffc&fccid=6576828d514f6f5c&vjs=3,84922e7844b87ffc,NA,internship
IT Intern Business Analyst I,Arbella Insurance Group,3.9,30+ days ago,"Quincy, MA",NA,The IT Business Analyst I intern will work closely with our business partners and other IT teams to ensure high quality project deliverables.,http://www.indeed.com/rc/clk?jk=9a841c2bea6f4ca8&fccid=e7e54713fce83593&vjs=3,9a841c2bea6f4ca8,NA,internship
2020 Business Analyst Intern,Mueller Water Products,2.8,30+ days ago,"Atlanta, GA 30328",NA,Other duties may be assigned as well based on business need or learning opportunities.Currently enrolled in or graduate of a degree program in Computer Science…,http://www.indeed.com/rc/clk?jk=83d5f6cacfd15cc5&fccid=b9aac0b77fa7d6b1&vjs=3,83d5f6cacfd15cc5,NA,internship
Policy and Business Development Analyst,PowerMarket,NA,30+ days ago,"Brooklyn, NY 11201",NA,We provide utilities with a software platform that allows them to deliver distributed generation programs like energy efficiency and solar to their customers…,http://www.indeed.com/rc/clk?jk=81e229bd8557d08a&fccid=fc95492e7d560f65&vjs=3,81e229bd8557d08a,NA,internship
Business Systems Analyst Intern,True North Companies,4.3,30+ days ago,"Cedar Rapids, IA 52401",NA,"As a Business Systems Analyst Intern, you will.TrueNorth is now hiring for a Business Systems Analyst Intern to work with our Technology team, to analyze…",http://www.indeed.com/rc/clk?jk=f1f06064dfa1bc26&fccid=ef844e20d1ca6694&vjs=3,f1f06064dfa1bc26,NA,internship
Intern - Strategic Marketing/ Business Analyst,Micron,3.8,30+ days ago,"San Jose, CA 95124 (Cambrian Park area)",NA,Mobile Business Unit marketing team looks for an intern candidate to perform market research in mobile segment and set up strategic dashboard to support…,http://www.indeed.com/rc/clk?jk=dff35c1757808351&fccid=be240c643a8631c5&vjs=3,dff35c1757808351,NA,internship
Business Analyst Intern,ViaSat,3.8,30+ days ago,"Carlsbad, CA 92009",NA,Pursuing a Bachelor's degree in Business Administration or related disciple.Interested in joining our mission?Able to commit to a 10-12 week internship.,http://www.indeed.com/rc/clk?jk=92479e69c890cbd9&fccid=8b219f1987ef65ea&vjs=3,92479e69c890cbd9,NA,internship
Business Analyst Intern,Grant Street Group,2.8,30+ days ago,"Pittsburgh, PA",NA,What will you do as a business analyst intern?Our business analyst interns share a passion for problem solving and the intellectual curiosity needed to learn…,http://www.indeed.com/rc/clk?jk=b3d674dea89dda90&fccid=23b4cebad6818890&vjs=3,b3d674dea89dda90,NA,internship
Business/Data Analyst Internship (Unpaid),New GateWay Solutions,NA,30+ days ago,"Chula Vista, CA",NA,"Data Analyst Interns work in the Career Solutions Department to ensure the program’s growth and stability.Analyze the effectiveness of the program, develop new…",http://www.indeed.com/rc/clk?cmp=mjohn%40newgateway.org&ti=Business+Data+Analyst+Internship&jk=46638d5448dafc20&fccid=3ae27f466405649d&vjs=3,46638d5448dafc20,NA,internship
Intern - IT Business Analyst,Enterprise Holdings,3.6,30+ days ago,"St. Louis, MO 63121",NA,"Communicate how problems will affect business.Write business correspondence and technical reports with guidance;May 18, 2020 - July 24, 2020.",http://www.indeed.com/rc/clk?jk=485efca65f27b0b8&fccid=97de6e3bf84e8d35&vjs=3,485efca65f27b0b8,NA,internship
Business Analyst Intern,GreenStone Farm Credit Services,3.8,30+ days ago,"East Lansing, MI 48823",NA,"Must be pursuing a Bachelor’s degree in Finance, Accounting, Business or related fields.GreenStone Farm Credit Services is over an $8 billion financial…",http://www.indeed.com/rc/clk?jk=ea1da17911fac4ba&fccid=87e56d69b10c4090&vjs=3,ea1da17911fac4ba,NA,internship
Business Systems Analyst Intern,Post Consumer Brands,3.5,30+ days ago,"Lakeville, MN",NA,"At Post Consumer Brands, the Business Systems Analysts are the business facing arm of IT.Work with Senior Business Systems Analysts, Project Managers,&Business…",http://www.indeed.com/rc/clk?jk=7cff098e7c8317ad&fccid=3b224d85b2deb534&vjs=3,7cff098e7c8317ad,NA,internship
Business Intelligence Analyst Intern,ViaSat,3.8,30+ days ago,"Carlsbad, CA 92009",NA,The Business Intelligence Analyst Intern will help develop a personalized knowledge management (KM) tool and digital library from existing or new software…,http://www.indeed.com/rc/clk?jk=c264c6be32878e0b&fccid=8b219f1987ef65ea&vjs=3,c264c6be32878e0b,NA,internship
Technical Business Analyst Internship,ASRC Federal Holding Company,3.6,30+ days ago,"Fort Collins, CO 80526",NA,Work towards a Business Analyst Professional Associations certification.Team ASRC is actively seeking a Technical Business Analyst Inter to join our team and…,http://www.indeed.com/rc/clk?jk=68d97c577515dfdf&fccid=adbb342bd2008a4b&vjs=3,68d97c577515dfdf,NA,internship
Intern – Business Systems Analyst / Developer,Security Benefit Business Services LLC,NA,30+ days ago,"Topeka, KS",NA,Document Business Continuity and Disaster Recovery processes for RPA processes.Ability to understand and document a process flow for various business functions…,http://www.indeed.com/rc/clk?jk=e1bba92a38084af0&fccid=bfef8fa50908d6a3&vjs=3,e1bba92a38084af0,NA,internship
Associate Business Systems Analyst Intern – Software Develop...,Conagra Brands,3.7,30+ days ago,"Omaha, NE",NA,Business Relationship Management - The business relationship management internship will focus on working with our precision marketing teams on the…,http://www.indeed.com/rc/clk?jk=71b7f47031e774d9&fccid=905dc9bf3b9cfe58&vjs=3,71b7f47031e774d9,NA,internship
Business Analyst,Terbine,NA,30+ days ago,"Las Vegas, NV",NA,"Business Analysts will work closely with the executive team in scoping and specifying our global ecosystem which will include companies, government agencies and…",http://www.indeed.com/rc/clk?jk=e3e135bba20058e7&fccid=b510166d31581a92&vjs=3,e3e135bba20058e7,NA,internship
Business Analyst (Intern) - United States,Cisco Careers,4.1,30+ days ago,"San Jose, CA",NA,As a Business Analyst Intern for Cisco you will develop creative solutions for real business challenges.We work with multi-functional teams to facilitate new…,http://www.indeed.com/rc/clk?jk=7e8e4cf66323fa24&fccid=dfc44f3b8c44a6db&vjs=3,7e8e4cf66323fa24,NA,internship
Business & Strategy Research Analyst Intern,Analytics Ventures,NA,30+ days ago,"San Diego, CA 92121",NA,"Business & Strategy Research Analyst Intern.Create business strategy plans and presentations.Coursework in strategy, marketing, accounting, finance, business…",http://www.indeed.com/rc/clk?jk=a8e59a562f4b3b2b&fccid=f4399e69e0af60f9&vjs=3,a8e59a562f4b3b2b,NA,internship
Technical Business Analyst,Indeed,4.4,30+ days ago,"Austin, TX 78731",NA,"Indeed.com is looking for Technical Business Analysts who will impact people across the globe using his/her skills to develop BI systems, analyze large data…",http://www.indeed.com/rc/clk?jk=05bdebd97a635a53&fccid=d6ef41e202aa2c0b&vjs=3,05bdebd97a635a53,NA,internship
Business Analysts /Client Care Intern,Trimed Healthcare LLC,3.3,30+ days ago,"Newtown, PA",NA,The Business Analyst /Client Care Intern must have strong computer skills and the ability to learn quickly.Business process work including special projects:,http://www.indeed.com/rc/clk?jk=01251c917963fc80&fccid=f25180dc6739164c&vjs=3,01251c917963fc80,NA,internship
Jr. Business Development Analyst Intern,Noxsolutions.com,NA,30+ days ago,"Los Angeles, CA",NA,We are looking for a highly energetic and focused business development analyst intern to join our team.Apply knowledge of NOX products to show how prospects…,http://www.indeed.com/rc/clk?jk=57576f7cab3edf5e&fccid=6cd80bea00f0e9e3&vjs=3,57576f7cab3edf5e,NA,internship
Marketing and Business Analyst Intern,Noxsolutions.com,NA,30+ days ago,"Los Angeles, CA",NA,Focus and understanding of an Enterprise business a plus.The Marketing and Business Analyst Intern will be responsible for reviewing data and trends to propose…,http://www.indeed.com/rc/clk?jk=0be38dbbb8d8f6c2&fccid=6cd80bea00f0e9e3&vjs=3,0be38dbbb8d8f6c2,NA,internship
Business Analyst Intern,KLÜBER LUBRICATION NORTH AMERICA,NA,3 days ago,"Londonderry, NH",NA,We are looking for a Business Analyst Intern to join our team from January 2020 to May 2020.Klüber Lubrication is one of the world's leading manufacturers of…,http://www.indeed.com/pagead/clk?mo=r&ad=-6NYlbfkN0B7G7C_P_qKXcRQWW29UUG03kv25a9mkJWUeGiww7qNjUEiHo3gpazXkigK2kJycELTvpqf7D9dDNPS5yP4m9zHiX8gZj01k2f546Hd0kWANzD8rxshQxDbn7fe4izAV1Y_0CI6gI4wMznpL84hCRCLubiD5RxDPxFbgpFF4yfauySQaKaTjIGkRHBGcWv8aqZ_zTUFdKXokFYdkC3H7qLK6Ejz_npyDDV6Dr7atMtnjZYA2PSMfah7b13XQfV-wicmKY1S_T5YNsf2K3PooG5bOl9VhebOOV8Bhs1Va9CAB1E6g1r49pIX63ckbfhmWJ4XsPO6gcbXm8pak-6RfPI8akBkIeJWDLJ08bFiW8mg07Vxw0wODJe2Zw95I3DhBrk0x2A_3bpQXR3NxeVyu7ObMu6dUziA-oa2t8GYK01JTzWJZ8WkQXUXDa5-5rE5ZsgmDcGSHi-eRRkh4NakYNsxbLVUS9W802Hx-oKe8dwfHw==&p=41&fvj=1&vjs=3,949145718bf5a974,4948522625830548,internship
2020 Summer Intern: Business Analyst-Field Operations,SPECTRUM,3.5,1 day ago,"Greenwood Village, CO 80121",NA,Desire to learn more about business.You’re a motivated rising junior or above / graduate-level student with a 3.0 GPA or higher seeking a degree in one of the…,http://www.indeed.com/pagead/clk?mo=r&ad=-6NYlbfkN0CeXNZYxOzgf11O9-TFJft4I5QLQjKTqoL33Rtx55G7TkVGIeg0V66z9qIFN7f7eNsOBFMLxHM5NRC0e8_UlAvd6r5Xgf5yAohOBaUFlROLFwN6wOXaaf3EOsZWgaio3Y3JbcPfWE00yWuD7yvR0lGRmPB0jKFYXGcNyUkQWGpqPctqL_75HIGua1TgPQWxB6JBqqm_B-V7npi1f95f5cT9zfHaPfGq-upJkcv1z9GZ8M46OPymJaj1I2FPMNta33ng5TnUTW0v2cTBap32rUj60_wx3FFhOPUDRa7AGi5JnVABVtBvy3FZz6O0s1yonuqGjZePsBwmLe-1unx0AtmHnCERauudbRIH-Brhc4yVI91dSFk2XkZWP8C3E8vA73pPd4_89mS5dqAv-bRc85V1&p=42&fvj=0&vjs=3,c1dcee9bc0c901bb,9269596879789550,internship
Business Analysts Intern,Maxar Technologies,3.6,29 days ago,"Charlottesville, VA 22904",NA,"Familiarity with the Business Analysis Body of Knowledge® (BABOK®).Preference will be given to enrolled students majoring in business, information systems…",http://www.indeed.com/pagead/clk?mo=r&ad=-6NYlbfkN0B2LP6KtwgLMWcIJbzQK4y118hUYa2NHT0ELzb4aR6nDrO9_32R0LtaJkfuj-WiSeasdSu0BJ5KMC9S_j80jc_uwXhPhB5r3ibATNniXU_4SdlA_pJHfm5v5-b-lgrwlUru-D9_7-yyxcOSsQfV3TqB_oJ5wYnY3WWzzY0e11WI5ZNjpIZw-jeMVfcrnX9DsVAy-ME0oZPwYnyRzAfwobNjlCikHMrtGrbeRHhzB-C_n1uSdM_vzudO4BChapx0vkR1XJJ4lUa8-i7cQufJMD4qtXVJRko951JYgir9FQAJK8fOZis5q6gpgQxmlFTgLmRxeCUZCdT6ituZHnqPRzPgdOZFOhcQFozk8hfJi_QaEkhcrym_0pxTyQPqoQQrmqjGbIqS55K_AxVEqRjVQ0uO_nT7u-FnMAGFJcdJoEgs_g==&p=43&fvj=0&vjs=3,bc22d2d8e7e9f1d4,3565145538192372,internship
